75001	32.96	-96.83849	Addison	247	576
75002	33.08965	-96.60752	Allen	239	588
75006	32.96188	-96.89701	Carrollton	247	572
75007	33.00462	-96.89715	Carrollton	244	572
75009	33.34028	-96.75033	Celina	223	581
75010	33.03425	-96.89673	Carrollton	243	573
75013	33.11467	-96.69411	Allen	237	584
75019	32.96329	-96.98553	Coppell	247	568
75020	33.77165	-96.60414	Denison	195	589
75021	33.72616	-96.47325	Denison	198	596
75022	33.02772	-97.12024	Flower Mound	243	560
75023	33.05706	-96.73242	Plano	241	581
75024	33.07735	-96.80704	Plano	240	577
75025	33.09095	-96.74128	Plano	239	581
75028	33.0328	-97.06086	Flower Mound	243	564
75032	32.85505	-96.42772	Rockwall	254	598
75034	33.15195	-96.86036	Frisco	235	574
75035	33.15534	-96.77271	Frisco	235	579
75038	32.87457	-96.99759	Irving	253	567
75039	32.88753	-96.94224	Irving	252	570
75040	32.92766	-96.62008	Garland	249	588
75041	32.88091	-96.65147	Garland	252	586
75042	32.9139	-96.67493	Garland	250	585
75043	32.85707	-96.57941	Garland	254	590
75044	32.96264	-96.65323	Garland	247	586
75048	32.972	-96.58085	Sachse	246	590
75050	32.77409	-97.00532	Grand Prairie	259	567
75051	32.72758	-96.99437	Grand Prairie	262	567
75052	32.6659	-97.02649	Grand Prairie	266	565
75054	32.59059	-97.04051	Grand Prairie	271	565
75056	33.07393	-96.91484	The Colony	240	572
75057	33.04952	-96.98383	Lewisville	242	568
75058	33.45012	-96.74225	Gunter	216	581
75060	32.796	-96.95446	Irving	258	569
75061	32.82605	-96.9655	Irving	256	569
75062	32.84702	-96.95686	Irving	255	569
75063	32.92046	-96.98599	Irving	250	568
75065	33.11093	-97.0119	Lake Dallas	238	566
75067	33.01371	-97.00025	Lewisville	244	567
75068	33.17647	-96.95053	Little Elm	233	570
75069	33.16545	-96.59468	Mckinney	234	589
75070	33.17311	-96.69773	Mckinney	233	583
75071	33.24663	-96.62898	Mckinney	229	587
75074	33.03188	-96.67428	Plano	243	585
75075	33.02137	-96.74103	Plano	243	581
75076	33.79472	-96.72168	Pottsboro	193	582
75077	33.07886	-97.06273	Lewisville	240	563
75078	33.24672	-96.80856	Prosper	229	577
75080	32.97394	-96.74202	Richardson	246	581
75081	32.94882	-96.7102	Richardson	248	583
75082	32.99157	-96.66234	Richardson	245	585
75087	32.94172	-96.44993	Rockwall	248	597
75088	32.89229	-96.54917	Rowlett	252	591
75089	32.92975	-96.54975	Rowlett	249	591
75090	33.60452	-96.54562	Sherman	206	592
75092	33.64891	-96.70005	Sherman	203	583
75093	33.0355	-96.81001	Plano	242	577
75094	33.01909	-96.61509	Plano	243	588
75098	33.0119	-96.53479	Wylie	244	592
75101	32.27003	-96.70239	Bardwell	292	583
75102	32.06629	-96.64223	Barry	305	586
75103	32.51192	-95.88235	Canton	276	628
75104	32.58042	-96.96613	Cedar Hill	272	569
75105	32.26654	-96.37522	Chatfield	292	601
75109	32.04523	-96.35405	Corsicana	306	602
75110	32.08693	-96.52879	Corsicana	304	593
75114	32.61016	-96.44553	Crandall	270	597
75115	32.59888	-96.86374	Desoto	271	574
75116	32.66017	-96.91393	Duncanville	267	572
75117	32.71183	-95.85077	Edgewood	263	630
75119	32.32976	-96.59334	Ennis	288	589
75124	32.32673	-95.9724	Eustace	288	623
75125	32.53137	-96.62477	Ferris	275	587
75126	32.74205	-96.45185	Forney	261	597
75127	32.69116	-95.79336	Fruitvale	264	633
75132	32.94537	-96.37375	Fate	248	601
75134	32.6201	-96.783	Lancaster	269	579
75135	33.06521	-96.22289	Caddo Mills	240	609
75137	32.634	-96.91176	Duncanville	268	572
75140	32.64691	-95.69145	Grand Saline	267	638
75141	32.63998	-96.69464	Hutchins	268	584
75142	32.57357	-96.24717	Kaufman	272	608
75143	32.36358	-96.24817	Kemp	286	608
75144	32.11313	-96.20885	Kerens	302	610
75146	32.57462	-96.75068	Lancaster	272	580
75147	32.43298	-96.0774	Mabank	281	617
75148	32.12461	-96.01216	Malakoff	301	621
75149	32.77003	-96.61487	Mesquite	260	588
75150	32.81577	-96.63039	Mesquite	257	587
75152	32.43647	-96.68038	Palmer	281	584
75153	32.15027	-96.32856	Powell	300	603
75154	32.52281	-96.81015	Red Oak	276	577
75155	32.22573	-96.47318	Rice	295	596
75156	32.28688	-96.09979	Mabank	291	616
75157	32.46227	-96.44684	Rosser	279	597
75158	32.46222	-96.39662	Scurry	279	600
75159	32.60748	-96.54087	Seagoville	270	592
75160	32.76169	-96.30017	Terrell	260	605
75161	32.73742	-96.17115	Terrell	262	612
75163	32.16759	-96.11031	Trinidad	298	615
75164	33.06593	-96.30793	Josephine	240	605
75165	32.36912	-96.79744	Waxahachie	286	578
75166	33.01234	-96.45026	Lavon	244	597
75167	32.35888	-96.91515	Waxahachie	286	571
75169	32.70454	-95.99657	Wills Point	264	622
75172	32.60482	-96.67515	Wilmer	270	585
75173	33.05923	-96.39106	Nevada	241	600
75180	32.71893	-96.61839	Balch Springs	263	588
75181	32.72697	-96.55519	Mesquite	262	591
75182	32.80014	-96.55405	Sunnyvale	258	591
75189	32.95183	-96.31192	Royse City	248	604
75201	32.78773	-96.79936	Dallas	258	578
75202	32.77924	-96.80472	Dallas	259	578
75203	32.74627	-96.803	Dallas	261	578
75204	32.80204	-96.78881	Dallas	258	578
75205	32.83657	-96.79619	Dallas	255	578
75206	32.83155	-96.77027	Dallas	256	579
75207	32.78676	-96.82139	Dallas	259	577
75208	32.75376	-96.83984	Dallas	261	576
75209	32.84885	-96.82587	Dallas	255	576
75210	32.77135	-96.74596	Dallas	260	581
75211	32.73493	-96.90297	Dallas	262	572
75212	32.78142	-96.87913	Dallas	259	573
75214	32.82865	-96.74543	Dallas	256	581
75215	32.75076	-96.7581	Dallas	261	580
75216	32.71165	-96.78371	Dallas	263	579
75217	32.71217	-96.68118	Dallas	263	584
75218	32.84154	-96.70237	Dallas	255	583
75219	32.81179	-96.81292	Dallas	257	577
75220	32.86664	-96.87615	Dallas	253	574
75223	32.79223	-96.74399	Dallas	258	581
75224	32.711	-96.83994	Dallas	263	576
75225	32.86521	-96.79098	Dallas	253	578
75226	32.7828	-96.77632	Dallas	259	579
75227	32.77	-96.68728	Dallas	260	584
75228	32.82443	-96.67996	Dallas	256	584
75229	32.89374	-96.86441	Dallas	252	574
75230	32.90229	-96.79207	Dallas	251	578
75231	32.87764	-96.74976	Dallas	253	581
75232	32.66095	-96.84018	Dallas	267	576
75233	32.70435	-96.87298	Dallas	264	574
75234	32.92366	-96.89042	Dallas	250	573
75235	32.8325	-96.84849	Dallas	256	575
75236	32.68557	-96.93576	Dallas	265	570
75237	32.66564	-96.8731	Dallas	266	574
75238	32.87853	-96.70782	Dallas	253	583
75240	32.93174	-96.78854	Dallas	249	578
75241	32.66571	-96.75904	Dallas	266	580
75243	32.91211	-96.73563	Dallas	250	581
75244	32.92542	-96.83663	Dallas	250	576
75246	32.79292	-96.7733	Dallas	258	579
75247	32.81358	-96.87748	Dallas	257	574
75248	32.96955	-96.79528	Dallas	247	578
75249	32.64442	-96.9588	Dallas	268	569
75251	32.91901	-96.77193	Dallas	250	579
75252	32.99723	-96.79081	Dallas	245	578
75253	32.67499	-96.61286	Dallas	266	588
75254	32.94562	-96.80133	Dallas	248	578
75270	32.78119	-96.80223	Dallas	259	578
75287	33.00032	-96.84114	Dallas	245	576
75390	32.81419	-96.8408	Dallas	257	576
75401	33.18426	-96.11952	Greenville	233	615
75402	33.06879	-96.08534	Greenville	240	617
75407	33.15089	-96.48796	Princeton	235	595
75409	33.35196	-96.52734	Anna	222	593
75410	32.79101	-95.63456	Alba	258	641
75411	33.86196	-95.64855	Arthur City	189	641
75412	33.79984	-95.15232	Bagwell	192	668
75413	33.4414	-96.17912	Bailey	216	612
75414	33.62333	-96.43179	Bells	204	598
75415	33.45985	-95.75133	Ben Franklin	215	635
75416	33.67825	-95.35442	Blossom	200	657
75417	33.43887	-95.13134	Bogata	216	669
75418	33.57269	-96.17766	Bonham	207	612
75420	33.053	-95.72612	Brashear	241	636
75421	33.64665	-95.7172	Brookston	203	637
75422	33.13937	-95.93198	Campbell	235	625
75423	33.28614	-96.19999	Celeste	226	611
75424	33.30659	-96.38586	Blue Ridge	225	600
75426	33.65539	-95.00488	Clarksville	202	676
75428	33.26847	-95.91606	Commerce	227	626
75431	33.01166	-95.46369	Como	244	651
75432	33.39605	-95.67442	Cooper	219	639
75433	33.10767	-95.80424	Cumby	237	632
75435	33.48223	-95.31354	Deport	213	659
75436	33.71282	-95.25156	Detroit	198	662
75437	33.25841	-95.46899	Dike	228	650
75438	33.60829	-96.06541	Dodd City	205	618
75439	33.55199	-96.27716	Ector	209	606
75440	32.87828	-95.75557	Emory	252	635
75441	33.4322	-95.65349	Enloe	216	640
75442	33.17365	-96.35309	Farmersville	233	602
75446	33.61208	-95.89414	Honey Grove	205	627
75447	33.76513	-96.1177	Ivanhoe	195	615
75448	33.31493	-95.79329	Klondike	224	633
75449	33.42067	-95.94604	Ladonia	217	624
75450	33.4051	-95.47848	Lake Creek	218	650
75451	32.96634	-95.1212	Leesburg	246	669
75452	33.39324	-96.24331	Leonard	219	608
75453	32.99671	-95.93273	Lone Oak	245	625
75454	33.28335	-96.56323	Melissa	226	591
75455	33.21697	-94.97819	Mount Pleasant	230	677
75457	33.1728	-95.21222	Mount Vernon	233	664
75459	33.53109	-96.67755	Howe	210	584
75460	33.65814	-95.6042	Paris	202	643
75462	33.62386	-95.48378	Paris	204	650
75468	33.51315	-95.40653	Pattonville	211	654
75469	33.42161	-95.8146	Pecan Gap	217	632
75470	33.58231	-95.80822	Petty	207	632
75471	33.03945	-95.38927	Pickton	242	655
75472	32.88593	-95.87797	Point	252	628
75473	33.81433	-95.48985	Powderly	192	649
75474	32.91953	-96.10899	Quinlan	250	615
75475	33.47484	-96.23822	Randolph	214	608
75476	33.70586	-96.24354	Ravenna	199	608
75477	33.53286	-95.73471	Roxton	210	636
75478	33.17445	-95.35751	Saltillo	233	657
75479	33.62159	-96.33922	Savoy	204	603
75480	33.02472	-95.19411	Scroggins	243	665
75481	33.31522	-95.37374	Sulphur Bluff	224	656
75482	33.16816	-95.60681	Sulphur Springs	234	643
75486	33.7583	-95.7486	Sumner	195	635
75487	33.33605	-95.16159	Talco	223	667
75488	33.77723	-95.98748	Telephone	194	622
75489	33.51926	-96.48429	Tom Bean	211	595
75490	33.43427	-96.31339	Trenton	216	604
75491	33.49636	-96.39753	Whitewright	212	600
75492	33.58768	-95.99551	Windom	206	622
75493	33.13883	-95.10854	Winfield	235	670
75494	32.90937	-95.26234	Winnsboro	250	662
75495	33.43311	-96.55161	Van Alstyne	217	591
75496	33.35984	-96.06298	Wolfe City	221	618
75497	32.922	-95.572	Yantis	249	645
75501	33.37366	-94.13142	Texarkana	220	724
75503	33.51345	-94.13057	Texarkana	211	724
75550	33.49406	-94.88241	Annona	212	683
75551	33.11556	-94.20197	Atlanta	237	720
75554	33.5549	-94.7795	Avery	208	688
75555	32.94688	-94.13833	Bivins	247	723
75556	33.16112	-94.06127	Bloomburg	234	727
75558	33.2419	-94.85805	Cookville	229	684
75559	33.50992	-94.62748	De Kalb	211	696
75560	33.18696	-94.36878	Douglassville	232	711
75561	33.51333	-94.27781	Hooks	211	716
75562	32.92543	-94.24848	Kildare	249	717
75563	33.00608	-94.38964	Linden	244	709
75565	32.93731	-94.0722	McLeod	248	727
75566	33.14818	-94.49175	Marietta	235	704
75567	33.31403	-94.31877	Maud	224	713
75568	33.20102	-94.59619	Naples	231	698
75569	33.44145	-94.12641	Nash	215	724
75570	33.46195	-94.43753	New Boston	214	707
75571	33.20616	-94.764	Omaha	231	689
75572	33.23154	-94.13216	Queen City	229	723
75573	33.3423	-94.23728	Redwater	222	718
75574	33.33096	-94.55347	Simms	223	700
75601	32.50856	-94.72383	Longview	276	691
75602	32.459	-94.65992	Longview	279	695
75603	32.39854	-94.70911	Longview	283	692
75604	32.50965	-94.82774	Longview	276	685
75605	32.58257	-94.72064	Longview	271	691
75630	32.87431	-94.55271	Avinger	252	700
75631	32.24926	-94.45456	Beckville	293	706
75633	32.12895	-94.27705	Carthage	300	715
75638	33.02095	-94.73186	Daingerfield	243	691
75639	32.29033	-94.16944	De Berry	290	721
75640	32.71557	-94.68413	Diana	263	693
75641	32.37844	-94.57574	Easton	284	699
75642	32.37152	-94.17658	Elysian Fields	285	721
75643	32.01618	-94.36084	Gary	308	711
75644	32.7951	-94.99553	Gilmer	258	676
75645	32.68749	-94.87405	Gilmer	264	683
75647	32.5189	-94.95133	Gladewater	275	679
75650	32.51394	-94.55473	Hallsville	276	700
75651	32.67157	-94.53603	Harleton	265	701
75652	32.22989	-94.73272	Henderson	294	691
75654	32.08099	-94.82647	Henderson	304	685
75656	33.00552	-94.59071	Hughes Springs	244	698
75657	32.7922	-94.30601	Jefferson	258	714
75661	32.63754	-94.16153	Karnack	267	722
75662	32.38397	-94.87014	Kilgore	284	683
75667	31.98544	-94.84005	Laneville	310	685
75668	32.90453	-94.68362	Lone Star	250	693
75669	32.03376	-94.56395	Long Branch	307	700
75670	32.57299	-94.42297	Marshall	272	708
75672	32.46883	-94.29489	Marshall	278	714
75681	31.92844	-94.69197	Mount Enterprise	314	693
75682	32.25033	-94.9366	New London	293	679
75683	32.82301	-94.73701	Ore City	256	690
75684	32.27335	-94.93895	Overton	291	679
75686	32.96953	-94.95018	Pittsburg	246	679
75691	32.31327	-94.55066	Tatum	289	701
75692	32.48038	-94.11629	Waskom	278	724
75693	32.53385	-94.85985	White Oak	274	684
75701	32.32331	-95.3009	Tyler	288	660
75702	32.36287	-95.31531	Tyler	286	659
75703	32.23855	-95.32063	Tyler	294	658
75704	32.40753	-95.44131	Tyler	283	652
75705	32.36603	-95.10274	Tyler	285	670
75706	32.466	-95.3076	Tyler	279	659
75707	32.30359	-95.17687	Tyler	289	666
75708	32.41635	-95.20959	Tyler	282	665
75709	32.31072	-95.39289	Tyler	289	655
75750	32.27443	-95.07493	Arp	291	672
75751	32.09643	-95.90829	Athens	303	626
75752	32.24454	-95.80858	Athens	293	632
75754	32.42579	-95.66519	Ben Wheeler	282	640
75755	32.63315	-95.08596	Big Sandy	268	671
75756	32.30402	-95.60003	Brownsboro	289	643
75757	32.11461	-95.349	Bullard	302	657
75758	32.27541	-95.50733	Chandler	291	648
75759	32.03594	-95.41876	Cuney	307	653
75760	31.8041	-94.8556	Cushing	322	684
75762	32.21681	-95.41378	Flint	295	653
75763	32.04187	-95.52214	Frankston	306	647
75764	31.89544	-95.14372	Gallatin	316	668
75765	32.64159	-95.23516	Hawkins	268	663
75766	31.9462	-95.25702	Jacksonville	313	662
75770	32.13855	-95.64876	Larue	300	641
75771	32.5361	-95.43456	Lindale	274	652
75773	32.67876	-95.44591	Mineola	265	652
75778	32.3023	-95.71185	Murchison	290	637
75779	31.86529	-95.48595	Neches	318	649
75780	31.99099	-95.09183	New Summerfield	310	671
75783	32.82157	-95.42365	Quitman	256	653
75784	31.8737	-94.97332	Reklaw	317	677
75785	31.77994	-95.17381	Rusk	323	666
75788	31.82598	-94.92588	Sacul	320	680
75789	32.10909	-95.09693	Troup	302	671
75790	32.53231	-95.6426	Van	275	641
75791	32.22164	-95.22053	Whitehouse	295	664
75792	32.47668	-95.10197	Winona	278	670
75801	31.73457	-95.53316	Palestine	326	647
75803	31.87441	-95.66916	Palestine	317	639
75831	31.46234	-96.01473	Buffalo	344	621
75832	31.91904	-95.9946	Cayuga	314	622
75833	31.26718	-95.839	Centerville	357	630
75835	31.29348	-95.49196	Crockett	355	649
75838	31.47745	-96.22824	Donie	343	609
75839	31.60599	-95.5779	Elkhart	335	644
75840	31.78236	-96.08899	Fairfield	323	617
75844	31.51376	-95.43842	Grapeland	341	652
75845	31.10075	-95.08954	Groveton	367	671
75846	31.33865	-96.16544	Jewett	352	612
75847	31.35383	-95.14609	Kennard	351	668
75848	31.76525	-96.32993	Kirvin	325	603
75849	31.41743	-95.48164	Latexo	347	650
75850	31.13741	-95.9168	Leona	365	626
75851	31.09323	-95.49712	Lovelady	368	649
75852	30.96685	-95.71166	Midway	376	637
75853	31.93692	-95.81323	Montalba	313	632
75855	31.56221	-95.85025	Oakwood	338	630
75856	31.18891	-95.25576	Pennington	361	662
75858	31.39074	-95.12689	Ratcliff	348	669
75859	31.88161	-96.24023	Streetman	317	608
75860	31.62091	-96.24864	Teague	334	608
75861	31.85323	-95.8924	Tennessee Colony	319	627
75862	30.95984	-95.32384	Trinity	376	658
75901	31.30134	-94.65552	Lufkin	354	695
75904	31.3397	-94.82173	Lufkin	352	686
75925	31.61114	-95.06597	Alto	334	672
75926	31.25151	-94.96273	Apple Springs	357	678
75928	30.67148	-93.71173	Bon Wier	394	746
75929	31.24549	-94.19464	Broaddus	358	720
75930	31.32203	-94.03261	Bronson	353	729
75931	31.1108	-94.00384	Brookeland	366	730
75932	31.05408	-93.60988	Burkeville	370	752
75933	30.55809	-93.81161	Call	402	741
75934	30.89591	-94.75068	Camden	380	689
75935	31.73269	-94.20156	Center	326	719
75936	30.95213	-94.57961	Chester	377	699
75937	31.45872	-94.3765	Chireno	344	710
75938	30.93262	-94.35342	Colmesneil	378	711
75939	31.01824	-94.79403	Corrigan	372	687
75941	31.17992	-94.76368	Diboll	362	689
75942	30.81634	-94.43146	Doucette	385	707
75943	31.65356	-94.88784	Douglass	331	682
75944	31.33734	-94.38859	Etoile	352	709
75946	31.81362	-94.52541	Garrison	321	702
75948	31.30812	-93.77894	Hemphill	353	742
75949	31.23143	-94.51943	Huntington	359	702
75951	30.94151	-94.05384	Jasper	377	727
75954	31.92347	-94.05436	Joaquin	314	728
75956	30.67771	-93.97821	Kirbyville	394	732
75959	31.51451	-93.8493	Milam	340	739
75960	30.91444	-94.86708	Moscow	379	683
75961	31.56113	-94.5	Nacogdoches	337	703
75962	31.61986	-94.64708	Nacogdoches	333	695
75964	31.62169	-94.74495	Nacogdoches	333	690
75965	31.72385	-94.62609	Nacogdoches	327	696
75966	30.8352	-93.72843	Newton	384	745
75968	31.25261	-93.95041	Pineland	357	733
75969	31.44688	-94.89891	Pollok	345	681
75972	31.49498	-94.12708	San Augustine	341	724
75973	31.71654	-93.93295	Shelbyville	327	734
75974	31.95671	-94.2387	Tenaha	312	717
75975	31.89738	-94.41302	Timpson	315	708
75976	31.5206	-94.92745	Wells	340	680
75977	31.06121	-93.78207	Wiergate	369	742
75978	31.50905	-94.5272	Woden	341	702
75979	30.77631	-94.40151	Woodville	388	708
75980	31.12666	-94.35255	Zavalla	365	711
76001	32.6304	-97.15275	Arlington	269	559
76002	32.62262	-97.09224	Arlington	269	562
76006	32.78493	-97.10018	Arlington	259	561
76008	32.69291	-97.62376	Aledo	265	533
76009	32.4158	-97.20169	Alvarado	283	556
76010	32.72283	-97.08035	Arlington	263	562
76011	32.75425	-97.08253	Arlington	261	562
76012	32.75461	-97.13902	Arlington	261	559
76013	32.72033	-97.15647	Arlington	263	558
76014	32.69202	-97.08794	Arlington	265	562
76015	32.69221	-97.13341	Arlington	265	560
76016	32.68906	-97.18871	Arlington	265	557
76017	32.66204	-97.16261	Arlington	267	558
76018	32.66077	-97.09	Arlington	267	562
76020	32.90006	-97.56542	Azle	251	536
76021	32.85231	-97.13119	Bedford	254	560
76022	32.83064	-97.14523	Bedford	256	559
76023	33.04851	-97.60577	Boyd	242	534
76028	32.52604	-97.30318	Burleson	276	550
76031	32.34848	-97.33114	Cleburne	287	549
76033	32.28511	-97.51137	Cleburne	291	539
76034	32.8912	-97.14876	Colleyville	252	559
76035	32.56288	-97.63361	Cresson	273	532
76036	32.57702	-97.41284	Crowley	272	544
76039	32.85936	-97.08383	Euless	254	562
76040	32.8147	-97.0968	Euless	257	562
76041	32.24005	-96.84634	Forreston	294	575
76043	32.20528	-97.79709	Glen Rose	296	523
76044	32.4276	-97.54354	Godley	282	537
76048	32.42318	-97.80877	Granbury	282	523
76049	32.46394	-97.70805	Granbury	280	528
76050	32.27537	-97.16601	Grandview	292	558
76051	32.92499	-97.07177	Grapevine	250	563
76052	32.98624	-97.37655	Haslet	246	546
76053	32.8171	-97.17953	Hurst	257	557
76054	32.85918	-97.17781	Hurst	254	557
76055	32.16217	-97.15511	Itasca	299	558
76058	32.46693	-97.42394	Joshua	279	544
76059	32.39252	-97.32687	Keene	284	549
76060	32.64076	-97.21585	Kennedale	268	555
76061	32.50396	-97.18842	Lillian	277	557
76063	32.56979	-97.14275	Mansfield	273	559
76064	32.30136	-97.03549	Maypearl	290	565
76065	32.4705	-96.989	Midlothian	279	567
76066	32.70727	-97.99502	Millsap	264	513
76067	32.80005	-98.12756	Mineral Wells	258	505
76070	32.26241	-97.65424	Nemo	293	531
76071	33.00546	-97.47935	Newark	245	541
76073	33.10349	-97.72734	Paradise	238	527
76077	32.28213	-97.70548	Rainbow	291	528
76078	33.08919	-97.46659	Rhome	239	541
76082	32.97051	-97.71844	Springtown	247	528
76084	32.43218	-97.08946	Venus	282	562
76085	32.85029	-97.70077	Weatherford	255	529
76086	32.75479	-97.78995	Weatherford	261	524
76087	32.67075	-97.78313	Weatherford	266	524
76088	32.84576	-97.90143	Weatherford	255	518
76092	32.95998	-97.1486	Southlake	247	559
76093	32.21723	-97.3949	Rio Vista	296	545
76102	32.75923	-97.32978	Fort Worth	260	549
76103	32.75205	-97.26547	Fort Worth	261	552
76104	32.7287	-97.31777	Fort Worth	262	550
76105	32.72405	-97.26937	Fort Worth	263	552
76106	32.81451	-97.35244	Fort Worth	257	548
76107	32.74171	-97.38196	Fort Worth	262	546
76108	32.77595	-97.52195	Fort Worth	259	538
76109	32.701	-97.38393	Fort Worth	264	546
76110	32.70699	-97.33891	Fort Worth	264	548
76111	32.77808	-97.29988	Fort Worth	259	550
76112	32.74812	-97.21845	Fort Worth	261	555
76114	32.77444	-97.40272	Fort Worth	260	545
76115	32.67879	-97.33076	Fort Worth	266	549
76116	32.72173	-97.44636	Fort Worth	263	543
76117	32.80369	-97.26756	Haltom City	258	552
76118	32.79966	-97.20773	Fort Worth	258	556
76119	32.69064	-97.26215	Fort Worth	265	553
76120	32.77223	-97.1782	Fort Worth	260	557
76123	32.61898	-97.39318	Fort Worth	270	545
76126	32.63382	-97.51239	Fort Worth	269	539
76127	32.77701	-97.43019	Naval Air Station Jrb	259	543
76129	32.7087	-97.36342	Fort Worth	264	547
76131	32.88334	-97.34691	Fort Worth	252	548
76132	32.66759	-97.41797	Fort Worth	266	544
76133	32.65393	-97.37723	Fort Worth	267	546
76134	32.64275	-97.33353	Fort Worth	268	549
76135	32.83435	-97.46485	Fort Worth	256	541
76137	32.8588	-97.29129	Fort Worth	254	551
76140	32.6206	-97.2701	Fort Worth	269	552
76148	32.86811	-97.25197	Fort Worth	253	553
76155	32.82398	-97.04866	Fort Worth	256	564
76164	32.78114	-97.35461	Fort Worth	259	548
76177	32.97522	-97.3112	Fort Worth	246	550
76179	32.9144	-97.43777	Fort Worth	250	543
76180	32.83996	-97.22499	North Richland Hills	255	555
76182	32.88278	-97.20984	North Richland Hills	252	555
76201	33.22112	-97.14723	Denton	231	559
76205	33.19028	-97.12812	Denton	233	560
76207	33.22856	-97.18133	Denton	230	557
76208	33.20884	-97.05737	Denton	231	564
76209	33.2316	-97.1099	Denton	230	561
76210	33.15036	-97.096	Denton	235	562
76225	33.36444	-97.67314	Alvord	221	530
76226	33.11035	-97.16946	Argyle	238	558
76227	33.27393	-96.99051	Aubrey	227	567
76228	33.62099	-98.06028	Bellevue	205	509
76230	33.51993	-97.95469	Bowie	211	515
76233	33.53625	-96.90829	Collinsville	210	572
76234	33.272	-97.51417	Decatur	227	539
76238	33.48818	-97.35069	Era	213	548
76239	33.51985	-97.54515	Forestburg	211	537
76240	33.65628	-97.17454	Gainesville	202	557
76244	32.93098	-97.28435	Keller	249	551
76245	33.828	-96.84915	Gordonville	191	575
76247	33.09841	-97.32495	Justin	239	549
76248	32.92575	-97.22899	Keller	250	554
76249	33.28282	-97.30413	Krum	227	550
76250	33.63013	-97.23578	Lindsay	204	554
76251	33.62076	-97.68976	Montague	205	529
76252	33.68568	-97.38545	Muenster	200	546
76253	33.61587	-97.31078	Myra	205	550
76255	33.82	-97.72915	Nocona	192	527
76258	33.37191	-96.91964	Pilot Point	221	571
76259	33.20016	-97.30705	Ponder	232	550
76261	33.80066	-97.96327	Ringgold	193	514
76262	33.00948	-97.22581	Roanoke	244	555
76263	33.46748	-97.45338	Rosston	215	542
76264	33.73974	-96.83528	Sadler	197	576
76265	33.74828	-97.54502	Saint Jo	196	537
76266	33.36725	-97.21414	Sanger	221	555
76268	33.62759	-96.76741	Southmayd	204	580
76270	33.45613	-97.75202	Sunset	215	526
76271	33.46699	-96.90774	Tioga	215	572
76272	33.46625	-97.12889	Valley View	215	560
76273	33.74557	-96.93355	Whitesboro	196	571
76301	33.90559	-98.47978	Wichita Falls	187	486
76302	33.86456	-98.49109	Wichita Falls	189	485
76305	33.99942	-98.3939	Wichita Falls	180	491
76306	33.94504	-98.52395	Wichita Falls	184	484
76308	33.85238	-98.54057	Wichita Falls	190	483
76309	33.89524	-98.54432	Wichita Falls	187	483
76310	33.79856	-98.5109	Wichita Falls	193	484
76311	33.96889	-98.50882	Sheppard Afb	182	485
76351	33.56892	-98.67455	Archer City	208	475
76354	34.09738	-98.62144	Burkburnett	174	478
76357	34.08174	-98.18468	Byers	175	502
76360	33.96894	-98.96631	Electra	183	460
76363	33.48306	-99.54199	Goree	214	428
76364	34.11368	-99.01676	Harrold	173	457
76365	33.75814	-98.20162	Henrietta	196	501
76366	33.727	-98.78209	Holliday	198	470
76367	33.97433	-98.72275	Iowa Park	182	473
76370	33.53167	-98.88816	Megargel	211	464
76371	33.48661	-99.64034	Munday	214	423
76372	33.25292	-98.91903	Newcastle	229	462
76373	34.13069	-99.11397	Oklaunion	172	451
76374	33.35976	-98.73819	Olney	222	472
76377	34.01483	-98.23963	Petrolia	179	499
76379	33.67016	-98.47541	Scotland	202	486
76380	33.61862	-99.24239	Seymour	205	444
76384	34.16773	-99.32555	Vernon	170	440
76388	33.32169	-99.63091	Weinert	225	423
76389	33.51578	-98.4582	Windthorst	212	487
76401	32.28258	-98.19881	Stephenville	292	501
76402	32.21637	-98.21726	Stephenville	296	500
76424	32.80509	-98.89862	Breckenridge	258	463
76426	33.16683	-97.84268	Bridgeport	234	521
76427	33.15546	-98.37755	Bryson	235	492
76429	32.741	-98.6742	Caddo	262	476
76430	32.785	-99.2474	Albany	259	444
76431	33.31747	-97.85662	Chico	224	520
76432	31.84215	-98.79696	Blanket	320	469
76433	32.31517	-98.01968	Bluff Dale	289	511
76435	32.25177	-98.85661	Carbon	294	466
76436	31.86715	-98.22143	Carlton	318	500
76437	32.39591	-99.02367	Cisco	284	456
76442	31.89183	-98.6149	Comanche	317	479
76443	32.13341	-99.21059	Cross Plains	301	446
76444	32.11472	-98.56573	De Leon	302	481
76445	32.29949	-98.55077	Desdemona	291	482
76446	32.0752	-98.34943	Dublin	305	493
76448	32.40015	-98.80082	Eastland	284	469
76449	32.91565	-98.32279	Graford	251	495
76450	33.06259	-98.62573	Graham	241	478
76452	31.75506	-98.3541	Energy	326	493
76453	32.5856	-98.34162	Gordon	272	494
76454	32.2081	-98.72898	Gorman	297	473
76455	31.80574	-98.38354	Gustine	322	491
76457	31.95198	-98.02939	Hico	313	511
76458	33.21797	-98.18771	Jacksboro	231	502
76459	33.27406	-98.38756	Jermyn	227	491
76460	33.30965	-98.49838	Loving	225	485
76462	32.52348	-98.0275	Lipan	276	511
76463	32.45664	-98.41487	Mingus	280	490
76464	32.5559	-99.16497	Moran	274	449
76466	32.43334	-98.73744	Olden	282	472
76469	32.34528	-99.19387	Putnam	288	447
76470	32.50228	-98.66152	Ranger	277	476
76471	32.11605	-98.98478	Rising Star	303	459
76472	32.60119	-98.17057	Santo	271	503
76474	31.97301	-98.79293	Sidney	312	469
76475	32.65903	-98.49888	Strawn	267	485
76476	32.36651	-97.91946	Tolar	286	517
76481	32.9956	-98.74309	South Bend	246	472
76483	33.18878	-99.27224	Throckmorton	233	443
76484	32.75833	-98.28241	Palo Pinto	261	497
76486	33.02291	-98.0622	Perrin	244	509
76487	32.97949	-97.88221	Poolville	246	519
76490	32.94544	-98.01889	Whitt	249	511
76491	33.03487	-99.05052	Woodson	243	455
76501	31.07505	-97.25435	Temple	369	553
76502	31.09624	-97.41039	Temple	368	544
76504	31.13805	-97.3726	Temple	365	547
76508	31.07758	-97.36425	Temple	369	547
76511	30.80163	-97.42498	Bartlett	387	544
76513	31.05135	-97.49967	Belton	371	540
76518	30.84974	-97.15418	Buckholts	384	558
76519	30.99427	-97.04726	Burlington	374	564
76520	30.87611	-96.90748	Cameron	382	572
76522	31.21604	-97.97338	Copperas Cove	360	514
76523	30.78956	-97.29127	Davilla	388	551
76524	31.26693	-97.20313	Eddy	357	556
76525	31.48558	-98.14597	Evant	343	504
76527	30.84416	-97.80601	Florence	384	523
76528	31.42046	-97.76152	Gatesville	347	525
76530	30.71583	-97.42174	Granger	393	544
76531	31.6858	-98.18812	Hamilton	330	502
76534	30.88263	-97.37359	Holland	382	546
76537	30.81749	-97.60543	Jarrell	386	534
76538	31.64149	-97.89017	Jonesboro	333	518
76539	31.08867	-98.00991	Kempner	369	512
76541	31.11414	-97.72885	Killeen	367	527
76542	31.01061	-97.74608	Killeen	374	526
76543	31.13897	-97.64323	Killeen	365	532
76544	31.14312	-97.76165	Fort Hood	365	525
76548	31.05081	-97.64587	Harker Heights	371	532
76549	31.01316	-97.82996	Killeen	373	522
76550	31.08755	-98.22873	Lampasas	369	500
76554	30.97574	-97.36779	Little River Academy	376	547
76556	30.70295	-96.82589	Milano	393	576
76557	31.29554	-97.39495	Moody	355	545
76559	31.07639	-97.6049	Nolanville	369	534
76561	31.41292	-97.53715	Oglesby	348	538
76565	31.6437	-98.35105	Pottsville	333	493
76566	31.51052	-97.99614	Purmela	341	513
76567	30.65	-97.00757	Rockdale	397	566
76569	30.94373	-97.22878	Rogers	378	554
76570	31.08166	-96.93867	Rosebud	369	570
76571	30.9338	-97.58908	Salado	379	535
76573	30.81862	-97.50231	Schwertner	386	539
76574	30.58423	-97.38741	Taylor	401	546
76577	30.62971	-97.16969	Thorndale	398	558
76578	30.53615	-97.23789	Thrall	404	554
76579	31.19707	-97.26374	Troy	361	552
76596	31.47755	-97.7296	Gatesville	343	527
76597	31.48635	-97.70694	Gatesville	343	528
76598	31.47532	-97.73549	Gatesville	344	527
76599	31.4679	-97.73518	Gatesville	344	527
76621	31.883	-97.08594	Abbott	317	562
76622	31.82204	-97.24398	Aquilla	321	554
76623	32.21038	-96.75659	Avalon	296	580
76624	31.6566	-96.9596	Axtell	332	569
76626	32.10623	-96.71536	Blooming Grove	303	582
76627	32.10741	-97.39448	Blum	303	545
76628	32.03143	-96.95221	Brandon	307	569
76629	31.15494	-96.6554	Bremond	364	586
76630	31.3405	-97.22091	Bruceville	352	555
76631	31.97453	-96.96749	Bynum	311	569
76632	31.29871	-97.06006	Chilton	355	564
76633	31.6781	-97.31732	China Spring	330	550
76634	31.80782	-97.56146	Clifton	322	536
76635	31.7284	-96.66386	Coolidge	327	585
76636	32.17157	-97.28593	Covington	298	551
76637	31.76614	-97.81681	Cranfills Gap	325	522
76638	31.5498	-97.44461	Crawford	339	543
76639	31.87245	-96.65574	Dawson	318	586
76640	31.68989	-97.07076	Elm Mott	330	563
76641	32.0345	-96.79489	Frost	307	578
76642	31.50128	-96.51757	Groesbeck	342	593
76643	31.45383	-97.19364	Hewitt	345	556
76645	32.02173	-97.1336	Hillsboro	308	560
76648	31.8472	-96.80272	Hubbard	319	578
76649	32.00079	-97.87752	Iredell	310	519
76650	31.98357	-96.8604	Irene	311	574
76651	32.1807	-96.86697	Italy	298	574
76652	32.11575	-97.57043	Kopperl	302	536
76653	31.29812	-96.60817	Kosse	355	588
76654	31.73054	-97.01427	Leroy	327	566
76655	31.39609	-97.17738	Lorena	349	557
76656	31.18465	-97.0586	Lott	362	564
76657	31.4458	-97.39449	McGregor	345	545
76660	31.9243	-96.90239	Malone	314	572
76661	31.31864	-96.84932	Marlin	353	575
76664	31.55793	-96.79573	Mart	338	578
76665	31.91349	-97.71634	Meridian	315	528
76666	32.04403	-96.91737	Mertens	307	571
76667	31.65529	-96.46854	Mexia	332	596
76670	32.13146	-96.98936	Milford	301	567
76671	31.99489	-97.53199	Morgan	310	538
76673	31.74944	-96.89139	Mount Calm	326	573
76676	31.86551	-96.95103	Penelope	318	570
76678	31.65548	-96.75883	Prairie Hill	332	580
76679	31.92428	-96.58566	Purdon	314	589
76680	31.19335	-96.81791	Reagan	362	577
76681	31.8933	-96.43508	Richland	316	598
76682	31.45363	-96.9059	Riesel	345	572
76685	31.35326	-97.01115	Satin	351	566
76686	31.76592	-96.558	Tehuacana	325	591
76687	31.37171	-96.49934	Thornton	350	594
76689	31.66663	-97.50415	Valley Mills	331	539
76690	32.08226	-97.73325	Walnut Springs	304	527
76691	31.77818	-97.09625	West	324	562
76692	31.95806	-97.32888	Whitney	312	549
76693	31.78599	-96.40641	Wortham	323	599
76701	31.55202	-97.13858	Waco	338	559
76704	31.57676	-97.127	Waco	337	560
76705	31.62655	-97.09605	Waco	334	562
76706	31.46653	-97.09121	Waco	344	562
76707	31.55371	-97.15818	Waco	338	558
76708	31.62687	-97.21135	Waco	334	555
76710	31.53876	-97.19525	Waco	339	556
76711	31.51442	-97.15332	Waco	341	558
76712	31.52403	-97.25566	Woodway	340	553
76798	31.5484	-97.11901	Waco	339	560
76801	31.74249	-99.03991	Brownwood	327	456
76802	31.75328	-98.90283	Early	326	463
76820	30.76719	-99.04869	Art	390	455
76821	31.73869	-99.93625	Ballinger	327	407
76823	31.70119	-99.15991	Bangs	329	449
76824	31.0036	-98.47069	Bend	374	487
76825	31.10471	-99.39545	Brady	368	436
76827	31.52636	-99.12819	Brookesmith	341	451
76828	32.00902	-99.29396	Burkett	310	442
76831	30.63979	-98.91958	Castell	398	462
76832	30.98538	-98.73031	Cherokee	376	473
76834	31.87436	-99.47039	Coleman	318	432
76836	31.42607	-99.55601	Doole	347	428
76837	31.2208	-99.89593	Eden	361	409
76841	30.8936	-100.09665	Fort McKavett	382	398
76842	30.95434	-99.07295	Fredonia	378	454
76844	31.43788	-98.50904	Goldthwaite	346	485
76845	31.54733	-99.48707	Gouldbusk	339	431
76848	30.84316	-99.56995	Hext	385	427
76849	30.48896	-99.79705	Junction	408	414
76852	31.35939	-99.4509	Lohn	352	433
76853	31.24577	-98.3872	Lometa	359	491
76854	30.68565	-99.57564	London	395	427
76856	30.70618	-99.26619	Mason	394	443
76857	31.93191	-98.93511	May	314	461
76858	31.19743	-99.62049	Melvin	362	424
76859	30.90801	-99.8326	Menard	381	412
76861	31.59099	-100.19534	Miles	337	393
76862	31.41518	-99.68744	Millersview	348	420
76864	31.5541	-98.73378	Mullin	339	472
76865	31.85815	-100.1663	Norton	320	394
76866	31.46085	-99.92785	Paint Rock	345	407
76869	30.91282	-98.99787	Pontotoc	380	458
76870	31.63824	-98.52981	Priddy	333	483
76871	31.29056	-98.98708	Richland Springs	356	459
76872	31.32321	-99.16715	Rochelle	354	449
76873	31.51108	-99.37924	Rockwood	342	437
76874	30.45873	-100.06913	Roosevelt	410	400
76875	31.60275	-100.00576	Rowena	336	403
76877	31.17243	-98.75696	San Saba	363	471
76878	31.65761	-99.29342	Santa Anna	332	442
76882	31.81965	-99.70241	Talpa	322	420
76884	31.73031	-99.55324	Valera	328	428
76885	30.87708	-98.86324	Valley Spring	383	465
76887	31.01265	-99.16057	Voca	374	449
76888	31.60827	-99.63989	Voss	336	423
76890	31.69146	-98.7756	Zephyr	330	470
76901	31.54094	-100.62877	San Angelo	340	369
76903	31.48482	-100.43722	San Angelo	344	380
76904	31.2836	-100.39452	San Angelo	357	382
76905	31.50981	-100.32217	San Angelo	342	386
76908	31.43208	-100.40222	Goodfellow Afb	347	381
76930	31.27278	-101.17275	Barnhart	358	339
76932	31.26949	-101.54094	Big Lake	358	319
76933	31.86341	-100.28783	Bronte	319	388
76934	31.60305	-100.66898	Carlsbad	336	367
76935	31.08046	-100.41658	Christoval	370	381
76936	30.88566	-100.58752	Eldorado	382	371
76937	31.38854	-100.15138	Eola	350	395
76939	31.27778	-100.5574	Knickerbocker	357	373
76940	31.43903	-100.14294	Mereta	347	396
76941	31.26808	-100.91169	Mertzon	358	354
76943	30.53101	-101.30067	Ozona	405	333
76945	31.88096	-100.61152	Robert Lee	318	370
76949	32.04184	-100.69272	Silver	308	366
76950	30.43734	-100.56036	Sonora	411	373
76951	31.81488	-101.04641	Sterling City	323	346
76953	31.72301	-100.32766	Tennyson	328	385
76955	31.28953	-100.15274	Vancourt	356	395
76957	31.3722	-100.30507	Wall	351	387
76958	31.59512	-100.79924	Water Valley	337	360
77002	29.75641	-95.3653	Houston	454	656
77003	29.74932	-95.34582	Houston	454	657
77004	29.72463	-95.36309	Houston	456	656
77005	29.71816	-95.42419	Houston	456	653
77006	29.74088	-95.39132	Houston	455	654
77007	29.77128	-95.41144	Houston	453	653
77008	29.7986	-95.41754	Houston	451	653
77009	29.79504	-95.36747	Houston	451	656
77010	29.75365	-95.35982	Houston	454	656
77011	29.7433	-95.30849	Houston	455	659
77012	29.71896	-95.27431	Houston	456	661
77013	29.79548	-95.2382	Houston	451	663
77014	29.9805	-95.4636	Houston	440	650
77015	29.76437	-95.17347	Houston	453	666
77016	29.86163	-95.29997	Houston	447	659
77017	29.68995	-95.25224	Houston	458	662
77018	29.82694	-95.42589	Houston	449	653
77019	29.7532	-95.41008	Houston	454	653
77020	29.77305	-95.31379	Houston	453	659
77021	29.69713	-95.35743	Houston	458	656
77022	29.83057	-95.37697	Houston	449	655
77023	29.72163	-95.31846	Houston	456	658
77024	29.77084	-95.51161	Houston	453	648
77025	29.68661	-95.43499	Houston	458	652
77026	29.8001	-95.32947	Houston	451	658
77027	29.74023	-95.44589	Houston	455	651
77028	29.82466	-95.28678	Houston	450	660
77029	29.76278	-95.26243	Houston	453	661
77030	29.70628	-95.40258	Houston	457	654
77031	29.65448	-95.54639	Houston	461	646
77032	29.96497	-95.34163	Houston	440	657
77033	29.66724	-95.33703	Houston	460	657
77034	29.61755	-95.19245	Houston	463	665
77035	29.65246	-95.47699	Houston	461	650
77036	29.70165	-95.53595	Houston	458	646
77037	29.89114	-95.39441	Houston	445	654
77038	29.9186	-95.44169	Houston	443	652
77039	29.90926	-95.34118	Houston	444	657
77040	29.8744	-95.52787	Houston	446	647
77041	29.86048	-95.58085	Houston	447	644
77042	29.74115	-95.5606	Houston	455	645
77043	29.81187	-95.58126	Houston	450	644
77044	29.8979	-95.17696	Houston	445	666
77045	29.63572	-95.43304	Houston	462	652
77046	29.73376	-95.4334	Houston	455	652
77047	29.60844	-95.38665	Houston	463	655
77048	29.62042	-95.3303	Houston	463	658
77049	29.83413	-95.14734	Houston	449	668
77050	29.90307	-95.27004	Houston	444	661
77051	29.6562	-95.38015	Houston	460	655
77053	29.58305	-95.46032	Houston	465	651
77054	29.68088	-95.40494	Houston	459	654
77055	29.79765	-95.49173	Houston	451	649
77056	29.74832	-95.46803	Houston	454	650
77057	29.74546	-95.48868	Houston	455	649
77058	29.56284	-95.09287	Houston	466	671
77059	29.60764	-95.12483	Houston	463	669
77060	29.93513	-95.3969	Houston	442	654
77061	29.65377	-95.28423	Houston	461	660
77062	29.57485	-95.13148	Houston	466	669
77063	29.73554	-95.5216	Houston	455	647
77064	29.92218	-95.54706	Houston	443	646
77065	29.92696	-95.60376	Houston	443	643
77066	29.95659	-95.50204	Houston	441	648
77067	29.95272	-95.44687	Houston	441	651
77068	30.00596	-95.48692	Houston	438	649
77069	29.98568	-95.52439	Houston	439	647
77070	29.97775	-95.57315	Houston	440	644
77071	29.65295	-95.52025	Houston	461	647
77072	29.69965	-95.585	Houston	458	644
77073	29.99986	-95.39958	Houston	438	654
77074	29.68803	-95.51626	Houston	458	648
77075	29.6209	-95.26714	Houston	463	661
77076	29.85962	-95.38351	Houston	447	655
77077	29.75009	-95.61546	Houston	454	642
77078	29.853	-95.2516	Houston	448	662
77079	29.77627	-95.60462	Houston	453	643
77080	29.8159	-95.52401	Houston	450	647
77081	29.71203	-95.48118	Houston	457	649
77082	29.72358	-95.64179	Houston	456	641
77083	29.69327	-95.6489	Houston	458	640
77084	29.82642	-95.66213	Houston	449	640
77085	29.62431	-95.48427	Houston	462	649
77086	29.91819	-95.49109	Houston	444	649
77087	29.68613	-95.30343	Houston	458	659
77088	29.88181	-95.45352	Houston	446	651
77089	29.58673	-95.22523	Houston	465	663
77090	30.00866	-95.44393	Houston	438	652
77091	29.85378	-95.44065	Houston	448	652
77092	29.82968	-95.47383	Houston	449	650
77093	29.86227	-95.341	Houston	447	657
77094	29.7621	-95.67824	Houston	454	639
77095	29.9082	-95.65322	Houston	444	640
77096	29.67475	-95.47951	Houston	459	650
77098	29.73487	-95.41529	Houston	455	653
77099	29.67079	-95.58519	Houston	460	644
77201	29.76601	-95.36456	Houston	453	656
77301	30.30793	-95.43427	Conroe	418	652
77302	30.22236	-95.359	Conroe	424	656
77303	30.37665	-95.38136	Conroe	414	655
77304	30.32956	-95.5141	Conroe	417	648
77306	30.27974	-95.31255	Conroe	420	659
77316	30.31022	-95.67997	Montgomery	418	639
77318	30.44571	-95.54319	Willis	410	646
77320	30.80399	-95.55092	Huntsville	386	646
77326	30.50488	-94.81705	Ace	406	686
77327	30.32155	-94.9263	Cleveland	417	680
77328	30.39628	-95.19391	Cleveland	413	665
77331	30.61649	-95.16596	Coldspring	398	667
77334	30.77998	-95.36464	Dodge	388	656
77335	30.58762	-94.92472	Goodrich	400	680
77336	30.06429	-95.09884	Huffman	434	670
77338	30.00678	-95.29019	Humble	438	660
77339	30.04931	-95.22132	Kingwood	435	664
77340	30.64369	-95.53981	Huntsville	397	646
77342	30.74017	-95.55393	Huntsville	391	646
77345	30.05416	-95.15899	Kingwood	435	667
77346	29.99497	-95.17718	Humble	439	666
77350	30.82867	-94.84797	Leggett	385	684
77351	30.7127	-94.82192	Livingston	392	686
77354	30.21107	-95.64787	Magnolia	425	640
77355	30.15769	-95.74805	Magnolia	428	635
77356	30.45055	-95.70183	Montgomery	409	638
77357	30.15846	-95.19112	New Caney	428	665
77358	30.55776	-95.43502	New Waverly	402	652
77359	30.75385	-95.29988	Oakhurst	390	659
77360	30.84704	-95.11402	Onalaska	384	670
77362	30.15825	-95.66832	Pinehurst	428	639
77363	30.32935	-95.85388	Plantersville	417	629
77364	30.76591	-95.22091	Pointblank	389	664
77365	30.1111	-95.2675	Porter	431	661
77367	30.85587	-95.39831	Riverside	383	654
77368	30.45857	-94.82625	Romayor	409	685
77369	30.42364	-94.7452	Rye	411	690
77371	30.49363	-94.99091	Shepherd	406	676
77372	30.2408	-95.16108	Splendora	423	667
77373	30.06145	-95.38415	Spring	434	655
77374	30.39595	-94.62253	Thicket	413	696
77375	30.09544	-95.5894	Tomball	432	644
77376	30.44803	-94.67384	Votaw	409	694
77377	30.06135	-95.68201	Tomball	434	639
77378	30.4574	-95.36867	Willis	409	656
77379	30.03912	-95.53382	Spring	436	647
77380	30.13645	-95.46866	Spring	429	650
77381	30.17818	-95.50144	Spring	427	648
77382	30.19804	-95.54606	Spring	426	646
77384	30.23494	-95.49526	Conroe	423	649
77385	30.18888	-95.42223	Conroe	426	653
77386	30.10125	-95.35584	Spring	432	656
77388	30.05984	-95.46851	Spring	434	650
77389	30.11516	-95.5075	Spring	431	648
77396	29.94822	-95.25991	Humble	442	662
77401	29.70443	-95.46175	Bellaire	457	651
77406	29.64359	-95.79799	Richmond	461	632
77407	29.67651	-95.71253	Richmond	459	637
77412	29.555	-96.42816	Altair	467	598
77414	28.89958	-95.88091	Bay City	509	628
77415	28.93254	-95.73575	Cedar Lane	507	636
77417	29.46457	-95.96703	Beasley	473	623
77418	29.97879	-96.25055	Bellville	440	608
77419	28.85073	-96.2561	Blessing	512	607
77420	29.2581	-95.93008	Boling	486	625
77422	28.96092	-95.56105	Brazoria	505	645
77423	29.83893	-95.98251	Brookshire	449	622
77426	30.11817	-96.24904	Chappell Hill	431	608
77428	28.62311	-96.18975	Collegeport	527	611
77429	29.99104	-95.6588	Cypress	439	640
77430	29.26718	-95.65366	Damon	486	640
77432	29.06993	-96.19387	Danevang	498	611
77433	29.94911	-95.73923	Cypress	442	635
77434	29.52568	-96.30214	Eagle Lake	469	605
77435	29.51733	-96.11114	East Bernard	470	615
77436	29.42393	-96.23226	Egypt	476	609
77437	29.21304	-96.28036	El Campo	489	606
77440	28.89492	-96.15082	Elmaton	510	613
77441	29.66824	-95.92279	Fulshear	460	625
77442	29.42428	-96.50681	Garwood	476	594
77443	29.34828	-96.19267	Glen Flora	480	611
77444	29.28815	-95.77719	Guy	484	633
77445	30.09968	-96.06494	Hempstead	432	618
77446	30.08681	-95.99051	Prairie View	433	622
77447	30.05124	-95.83044	Hockley	435	630
77448	29.41534	-96.08656	Hungerford	476	616
77449	29.83556	-95.73813	Katy	449	635
77450	29.74629	-95.73832	Katy	455	635
77451	29.4379	-96.00165	Kendleton	475	621
77453	29.21196	-95.99945	Lane City	489	621
77454	29.52037	-96.21862	Lissie	469	609
77455	29.13955	-96.43031	Louise	494	598
77456	29.00035	-96.09033	Markham	503	616
77457	28.70908	-95.92228	Matagorda	522	625
77458	28.95289	-96.24036	Midfield	506	608
77459	29.52565	-95.53298	Missouri City	469	647
77460	29.39744	-96.38451	Nada	477	600
77461	29.38013	-95.80672	Needville	478	632
77464	29.59337	-95.96175	Orchard	465	623
77465	28.76248	-96.22968	Palacios	518	609
77466	29.80562	-96.01287	Pattison	451	621
77467	29.21068	-96.12324	Pierce	489	614
77468	29.14259	-95.93111	Pledger	494	625
77469	29.48	-95.68313	Richmond	472	638
77470	29.53214	-96.55145	Rock Island	469	591
77471	29.54596	-95.86815	Rosenberg	468	628
77473	29.79516	-96.1077	San Felipe	452	615
77474	29.77377	-96.17926	Sealy	453	611
77475	29.49304	-96.65871	Sheridan	471	585
77476	29.67246	-95.98329	Simonton	459	622
77477	29.62571	-95.56673	Stafford	462	645
77478	29.61964	-95.607	Sugar Land	463	643
77479	29.56646	-95.63557	Sugar Land	466	641
77480	29.09233	-95.766	Sweeny	497	634
77481	29.47038	-95.56	Thompsons	472	645
77482	29.1021	-95.8802	Van Vleck	496	628
77483	28.78761	-95.83652	Wadsworth	516	630
77484	30.07526	-95.93087	Waller	434	625
77485	29.63418	-96.05612	Wallis	462	618
77486	29.15812	-95.68094	West Columbia	493	639
77488	29.30684	-96.09126	Wharton	483	616
77489	29.6006	-95.5163	Missouri City	464	648
77493	29.85208	-95.83094	Katy	448	630
77494	29.7433	-95.82862	Katy	455	631
77498	29.64338	-95.65236	Sugar Land	461	640
77502	29.67951	-95.19976	Pasadena	459	665
77503	29.70218	-95.15943	Pasadena	457	667
77504	29.64802	-95.18997	Pasadena	461	665
77505	29.64607	-95.13825	Pasadena	461	668
77506	29.7149	-95.20013	Pasadena	457	665
77507	29.62601	-95.06443	Pasadena	462	672
77510	29.36107	-95.08555	Santa Fe	479	671
77511	29.38147	-95.24204	Alvin	478	662
77514	29.68073	-94.59949	Anahuac	459	698
77515	29.17436	-95.44993	Angleton	491	651
77517	29.36962	-95.13221	Santa Fe	479	668
77518	29.50703	-94.98696	Bacliff	470	676
77519	30.23425	-94.60224	Batson	423	697
77520	29.73895	-94.99829	Baytown	455	676
77521	29.79848	-94.96591	Baytown	451	678
77523	29.78789	-94.86717	Baytown	452	683
77530	29.78836	-95.11149	Channelview	452	670
77531	29.04935	-95.39242	Clute	499	654
77532	29.93018	-95.05654	Crosby	443	673
77533	30.09162	-94.59604	Daisetta	432	698
77534	29.22632	-95.30893	Danbury	488	659
77535	30.05703	-94.91786	Dayton	434	680
77536	29.69839	-95.12128	Deer Park	458	669
77538	29.99154	-94.53111	Devers	439	701
77539	29.456	-95.03172	Dickinson	473	674
77541	29.02696	-95.3112	Freeport	501	659
77545	29.53635	-95.47456	Fresno	468	650
77546	29.51493	-95.19218	Friendswood	469	665
77547	29.73604	-95.23785	Galena Park	455	663
77550	29.3098	-94.77746	Galveston	483	688
77551	29.27872	-94.83323	Galveston	485	685
77554	29.2456	-94.92348	Galveston	487	680
77560	29.87662	-94.59323	Hankamer	446	698
77561	30.16651	-94.73547	Hardin	427	690
77562	29.83106	-95.05353	Highlands	449	673
77563	29.29417	-95.03031	Hitchcock	484	674
77564	30.20361	-94.66743	Hull	425	694
77565	29.53619	-95.03021	Kemah	468	674
77566	29.05026	-95.47542	Lake Jackson	499	650
77568	29.36383	-94.97975	La Marque	479	677
77571	29.69052	-95.05359	La Porte	458	673
77573	29.50205	-95.08652	League City	470	671
77575	30.07534	-94.73395	Liberty	433	690
77577	29.27976	-95.27872	Liverpool	485	660
77578	29.48132	-95.36559	Manvel	472	656
77580	29.8676	-94.86923	Mont Belvieu	447	683
77581	29.56048	-95.27753	Pearland	467	661
77583	29.38137	-95.46219	Rosharon	478	650
77584	29.546	-95.35081	Pearland	467	657
77585	30.29552	-94.52242	Saratoga	419	702
77586	29.58428	-95.03611	Seabrook	465	674
77587	29.66108	-95.22955	South Houston	460	663
77590	29.39095	-94.91973	Texas City	477	680
77591	29.39941	-94.99751	Texas City	477	676
77597	29.83708	-94.70221	Wallisville	449	692
77598	29.53784	-95.13685	Webster	468	668
77611	30.0132	-93.82257	Bridge City	437	740
77612	30.40615	-93.92573	Buna	412	734
77613	30.04723	-94.35561	China	435	711
77614	30.30478	-93.76105	Deweyville	418	743
77615	30.32407	-94.05969	Evadale	417	727
77616	30.56777	-94.17998	Fred	401	720
77617	29.50649	-94.52151	Gilchrist	470	702
77619	29.94724	-93.91851	Groves	441	735
77622	29.85997	-94.29897	Hamshire	447	714
77623	29.55988	-94.41714	High Island	466	707
77624	30.68372	-94.29168	Hillister	394	714
77625	30.37575	-94.37899	Kountze	414	710
77627	29.98742	-94.00907	Nederland	439	730
77629	29.97774	-94.40228	Nome	439	708
77630	30.0711	-93.86461	Orange	433	738
77632	30.20328	-93.80512	Orange	425	741
77640	29.88111	-93.94105	Port Arthur	446	733
77642	29.93921	-93.91601	Port Arthur	442	735
77650	29.4276	-94.68586	Port Bolivar	475	693
77651	29.98507	-93.95605	Port Neches	439	733
77655	29.71322	-93.95371	Sabine Pass	456	733
77656	30.41587	-94.17206	Silsbee	411	721
77657	30.2256	-94.19614	Lumberton	423	720
77659	30.15814	-94.43521	Sour Lake	428	707
77660	30.64628	-94.14546	Spurger	396	722
77661	29.73465	-94.41377	Stowell	455	708
77662	30.17843	-94.01841	Vidor	426	729
77663	30.51239	-94.39544	Village Mills	405	709
77664	30.59999	-94.41637	Warren	399	708
77665	29.81685	-94.41658	Winnie	450	707
77701	30.07314	-94.106	Beaumont	433	724
77702	30.08626	-94.12829	Beaumont	432	723
77703	30.12828	-94.1174	Beaumont	430	724
77705	29.9046	-94.16146	Beaumont	444	721
77706	30.09973	-94.17074	Beaumont	432	721
77707	30.05295	-94.17654	Beaumont	435	721
77708	30.14475	-94.16484	Beaumont	429	721
77713	30.06086	-94.25397	Beaumont	434	716
77801	30.63888	-96.36343	Bryan	397	601
77802	30.66126	-96.32265	Bryan	396	604
77803	30.68077	-96.38545	Bryan	395	600
77807	30.67879	-96.48006	Bryan	395	595
77808	30.78934	-96.31434	Bryan	388	604
77830	30.52414	-96.01185	Anderson	405	621
77831	30.72848	-95.90476	Bedias	391	626
77833	30.21068	-96.40705	Brenham	425	599
77835	30.1917	-96.595	Burton	426	589
77836	30.5375	-96.68003	Caldwell	404	584
77837	31.00731	-96.68717	Calvert	374	584
77840	30.60908	-96.32601	College Station	399	604
77845	30.56253	-96.27564	College Station	402	606
77853	30.36444	-96.84281	Dime Box	415	575
77855	31.1455	-96.14068	Flynn	364	614
77856	31.07333	-96.42385	Franklin	369	598
77857	30.78439	-96.70859	Gause	388	583
77859	30.86932	-96.51734	Hearne	382	593
77861	30.72741	-96.09598	Iola	391	616
77864	30.95416	-95.90558	Madisonville	377	626
77865	31.23034	-96.2281	Marquez	359	609
77867	30.74124	-96.5444	Mumford	391	592
77868	30.36859	-96.0616	Navasota	415	618
77871	31.05102	-96.11752	Normangee	371	615
77872	30.88687	-96.11025	North Zulch	381	615
77873	30.57425	-95.81288	Richards	401	631
77876	30.59729	-95.87444	Shiro	400	628
77878	30.47152	-96.43601	Snook	408	598
77879	30.39927	-96.49695	Somerville	413	594
77880	30.28141	-96.18401	Washington	420	611
77901	28.80495	-96.98474	Victoria	516	568
77904	28.92334	-97.01818	Victoria	508	566
77905	28.73132	-97.04241	Victoria	520	564
77950	28.30141	-96.87481	Austwell	548	574
77951	28.63416	-96.91088	Bloomington	527	572
77954	29.09675	-97.28269	Cuero	497	551
77957	29.03767	-96.70041	Edna	501	583
77960	28.6691	-97.20818	Fannin	524	555
77961	28.85739	-96.36151	Francitas	512	601
77962	29.02264	-96.48946	Ganado	501	595
77963	28.65701	-97.41547	Goliad	525	544
77964	29.37701	-96.84377	Hallettsville	479	575
77968	28.90923	-96.84712	Inez	509	575
77969	28.77244	-96.65117	La Salle	518	586
77970	28.8447	-96.43443	La Ward	513	598
77971	28.83222	-96.52192	Lolita	514	593
77973	28.54326	-96.96374	Mcfaddin	532	569
77974	28.89163	-97.29484	Meyersville	510	551
77975	29.56787	-97.08485	Moulton	467	562
77976	28.95449	-97.12272	Nursery	506	560
77977	28.69558	-96.79413	Placedo	523	578
77978	28.66665	-96.57237	Point Comfort	524	590
77979	28.60229	-96.60787	Port Lavaca	529	588
77982	28.44603	-96.46007	Port O'Connor	539	596
77983	28.42886	-96.57441	Seadrift	540	590
77984	29.45351	-97.18787	Shiner	474	557
77987	29.34254	-97.07564	Sweet Home	481	563
77988	28.83903	-96.88962	Telferner	513	573
77990	28.46992	-96.91719	Tivoli	537	571
77991	28.79624	-96.61312	Vanderbilt	516	588
77993	28.85774	-97.42858	Weesatche	512	543
77994	29.17819	-97.46017	Westhoff	492	542
77995	29.21179	-97.08341	Yoakum	489	562
78001	28.29493	-99.21954	Artesia Wells	549	446
78002	29.28295	-98.73826	Atascosa	485	472
78003	29.70959	-99.09413	Bandera	458	453
78004	29.90066	-98.55579	Bergheim	445	482
78005	28.94844	-98.85243	Bigfoot	507	466
78006	29.85533	-98.72266	Boerne	448	473
78007	28.49506	-98.37836	Calliham	536	492
78008	28.72411	-98.27925	Campbellton	521	497
78009	29.35732	-98.88667	Castroville	481	464
78010	29.9123	-99.04482	Center Point	445	455
78011	28.79237	-98.72129	Charlotte	517	473
78012	28.75991	-98.47914	Christine	519	486
78013	29.9706	-98.90518	Comfort	441	463
78014	28.36134	-99.14498	Cotulla	545	450
78015	29.747	-98.6555	Boerne	455	477
78016	29.18359	-98.96602	Devine	492	460
78017	28.70688	-99.1938	Dilley	522	447
78019	28.04207	-99.39643	Encinal	565	436
78021	28.50102	-98.82637	Fowlerton	536	467
78022	28.25927	-98.14445	George West	551	504
78023	29.61087	-98.74532	Helotes	464	472
78024	30.00114	-99.48089	Hunt	439	432
78025	30.08367	-99.28317	Ingram	434	442
78026	28.83751	-98.59733	Jourdanton	514	480
78027	29.97556	-98.54274	Kendalia	441	483
78028	30.03421	-99.1582	Kerrville	437	449
78029	30.1591	-99.34498	Kerrville	429	439
78039	29.31371	-98.82963	La Coste	483	467
78040	27.51345	-99.50228	Laredo	599	431
78041	27.55417	-99.46337	Laredo	597	433
78043	27.54915	-99.26173	Laredo	597	444
78044	27.75007	-99.13106	Laredo	584	451
78045	27.85007	-99.66888	Laredo	578	422
78046	27.37485	-99.34941	Laredo	608	439
78050	29.07059	-98.48192	Leming	499	486
78052	29.20449	-98.77534	Lytle	490	470
78055	29.82094	-99.31944	Medina	451	441
78056	29.53765	-98.93486	Mico	469	461
78057	29.03929	-98.99952	Moore	501	458
78058	30.0957	-99.63952	Mountain Home	433	423
78059	29.19189	-98.84177	Natalia	491	467
78060	28.44686	-98.10699	Oakville	539	507
78061	28.90171	-99.14689	Pearsall	510	450
78063	29.68785	-98.91422	Pipe Creek	459	463
78064	28.93613	-98.42571	Pleasanton	508	489
78065	29.07762	-98.63983	Poteet	498	478
78066	29.4794	-98.8956	Rio Medina	473	464
78067	27.13267	-99.33646	San Ygnacio	624	440
78069	29.18606	-98.68109	Somerset	491	475
78070	29.89826	-98.4063	Spring Branch	446	490
78071	28.46948	-98.22431	Three Rivers	537	500
78072	28.30174	-98.58516	Tilden	548	481
78073	29.24487	-98.61955	Von Ormy	488	479
78075	28.60116	-98.35311	Whitsett	529	493
78076	26.93099	-99.15506	Zapata	637	450
78101	29.34402	-98.23884	Adkins	481	499
78102	28.40248	-97.71084	Beeville	542	528
78104	28.51876	-97.76461	Beeville	534	525
78107	28.5493	-97.57399	Berclair	532	536
78108	29.57435	-98.21878	Cibolo	466	500
78109	29.48788	-98.29148	Converse	472	496
78112	29.21277	-98.37165	Elmendorf	490	492
78113	28.95336	-98.12689	Falls City	506	505
78114	29.11822	-98.20179	Floresville	496	501
78116	29.11262	-97.75699	Gillett	496	526
78117	28.94398	-97.95448	Hobson	507	515
78118	28.88645	-97.95035	Karnes City	511	515
78119	28.73025	-97.89597	Kenedy	521	518
78121	29.35147	-98.10722	La Vernia	481	506
78122	29.4366	-97.73588	Leesville	475	527
78123	29.6024	-98.04405	McQueeney	465	510
78124	29.55515	-98.14732	Marion	468	504
78125	28.53824	-97.96328	Mineral	533	514
78130	29.69772	-98.07021	New Braunfels	458	509
78132	29.76312	-98.1911	New Braunfels	454	502
78133	29.88674	-98.24214	Canyon Lake	446	499
78140	29.30696	-97.76913	Nixon	483	525
78141	28.91743	-97.627	Nordheim	509	533
78142	28.53664	-97.81055	Normanna	533	523
78143	29.26244	-97.86053	Pandora	486	520
78144	28.95506	-97.88795	Panna Maria	506	518
78145	28.64519	-97.9941	Pawnee	526	513
78146	28.60318	-97.83849	Pettus	529	521
78147	29.07384	-98.0802	Poth	499	508
78148	29.54349	-98.29565	Universal City	468	496
78150	29.53078	-98.279	Jbsa Randolph	469	497
78151	28.86506	-97.70391	Runge	512	528
78152	29.43411	-98.20648	Saint Hedwig	475	501
78154	29.54622	-98.26627	Schertz	468	498
78155	29.53341	-97.93886	Seguin	469	516
78159	29.23632	-97.58721	Smiley	488	535
78160	29.24306	-97.92958	Stockdale	488	516
78161	29.28697	-98.05743	Sutherland Springs	485	509
78162	28.58997	-97.77347	Tuleta	530	525
78163	29.76677	-98.45476	Bulverde	454	488
78164	28.98216	-97.52254	Yorktown	504	538
78201	29.46879	-98.52828	San Antonio	473	484
78202	29.42814	-98.46082	San Antonio	476	487
78203	29.41507	-98.45918	San Antonio	477	487
78204	29.4032	-98.50372	San Antonio	477	485
78205	29.42347	-98.48593	San Antonio	476	486
78207	29.42214	-98.52545	San Antonio	476	484
78208	29.43982	-98.45855	San Antonio	475	487
78209	29.48907	-98.4567	San Antonio	472	487
78210	29.39601	-98.46437	San Antonio	478	487
78211	29.34641	-98.56315	San Antonio	481	482
78212	29.46463	-98.49266	San Antonio	474	486
78213	29.51693	-98.52359	San Antonio	470	484
78214	29.32654	-98.46939	San Antonio	482	487
78215	29.44117	-98.48056	San Antonio	475	486
78216	29.53648	-98.48922	San Antonio	469	486
78217	29.54045	-98.42007	San Antonio	469	489
78218	29.49152	-98.40114	San Antonio	472	491
78219	29.44208	-98.38754	San Antonio	475	491
78220	29.41674	-98.39321	San Antonio	477	491
78221	29.28016	-98.47826	San Antonio	485	486
78222	29.36614	-98.37783	San Antonio	480	492
78223	29.3122	-98.39091	San Antonio	483	491
78224	29.29429	-98.53944	San Antonio	484	483
78225	29.38799	-98.52602	San Antonio	478	484
78226	29.38373	-98.56909	San Antonio	479	481
78227	29.40625	-98.62942	San Antonio	477	478
78228	29.46095	-98.57202	San Antonio	474	481
78229	29.50555	-98.57221	San Antonio	471	481
78230	29.54613	-98.55552	San Antonio	468	482
78231	29.57806	-98.5427	San Antonio	466	483
78232	29.58813	-98.47482	San Antonio	466	486
78233	29.55554	-98.36173	San Antonio	468	493
78234	29.46038	-98.43926	Jbsa Ft Sam Houston	474	488
78235	29.34611	-98.44374	San Antonio	481	488
78236	29.3781	-98.64431	Jbsa Lackland	479	477
78237	29.42111	-98.56936	San Antonio	476	481
78238	29.47143	-98.61824	San Antonio	473	479
78239	29.51681	-98.36304	San Antonio	470	493
78240	29.52464	-98.60748	San Antonio	470	479
78242	29.35066	-98.60748	San Antonio	481	479
78243	29.37177	-98.59514	San Antonio	480	480
78244	29.47379	-98.35006	San Antonio	473	493
78245	29.40397	-98.73081	San Antonio	477	473
78247	29.58549	-98.40705	San Antonio	466	490
78248	29.59047	-98.52525	San Antonio	465	484
78249	29.56794	-98.61346	San Antonio	467	479
78250	29.50316	-98.66626	San Antonio	471	476
78251	29.46216	-98.67599	San Antonio	474	476
78252	29.34097	-98.70532	San Antonio	482	474
78253	29.46744	-98.7906	San Antonio	473	469
78254	29.5369	-98.73775	San Antonio	469	472
78255	29.65429	-98.66554	San Antonio	461	476
78256	29.62304	-98.62635	San Antonio	463	478
78257	29.66124	-98.58356	San Antonio	461	481
78258	29.63372	-98.49603	San Antonio	463	485
78259	29.6263	-98.42781	San Antonio	463	489
78260	29.69664	-98.48743	San Antonio	459	486
78261	29.69179	-98.40192	San Antonio	459	490
78263	29.35946	-98.30931	San Antonio	480	496
78264	29.18831	-98.50117	San Antonio	491	485
78266	29.65385	-98.33055	San Antonio	461	494
78330	27.74268	-97.91564	Agua Dulce	584	517
78332	27.71843	-98.14285	Alice	586	505
78335	27.87319	-97.09231	Aransas Pass	576	562
78336	27.94281	-97.18347	Aransas Pass	571	557
78338	26.89255	-97.76255	Armstrong	639	525
78339	27.80511	-97.79226	Banquete	580	524
78340	28.12487	-97.21093	Bayside	559	555
78341	27.62992	-98.48907	Benavides	592	486
78342	27.65989	-98.07573	Ben Bolt	589	508
78343	27.6194	-97.74459	Bishop	592	526
78344	27.48001	-98.86472	Bruni	601	465
78349	27.37535	-98.29991	Concepcion	608	496
78351	27.67313	-97.75971	Driscoll	589	525
78352	27.96291	-97.67901	Edroy	570	530
78353	26.88252	-98.22368	Encino	639	500
78355	27.19012	-98.20251	Falfurrias	620	501
78357	27.84382	-98.6217	Freer	578	479
78358	28.06824	-97.04427	Fulton	563	564
78359	27.92357	-97.28712	Gregory	572	551
78361	27.10434	-98.78675	Hebbronville	625	470
78362	27.86644	-97.20199	Ingleside	576	556
78363	27.44953	-97.86267	Kingsville	603	520
78368	28.10546	-97.8103	Mathis	561	523
78369	27.36791	-98.99745	Mirando City	608	458
78370	27.94872	-97.60099	Odem	571	534
78371	27.62829	-98.95939	Oilton	592	460
78372	27.98728	-98.0559	Orange Grove	568	509
78373	27.77081	-97.12146	Port Aransas	582	560
78374	27.89799	-97.37808	Portland	574	546
78375	27.39448	-98.14463	Premont	607	504
78376	27.41844	-98.51401	Realitos	605	484
78377	28.35557	-97.15776	Refugio	545	558
78379	27.30223	-97.79593	Riviera	612	523
78380	27.78905	-97.74623	Robstown	581	526
78382	28.14388	-97.05082	Rockport	558	564
78383	28.09164	-97.96378	Sandia	562	514
78384	27.85315	-98.37031	San Diego	577	492
78385	27.17648	-97.82556	Sarita	620	522
78387	28.0917	-97.54469	Sinton	562	537
78389	28.24898	-97.66068	Skidmore	552	531
78390	27.9989	-97.32981	Taft	568	549
78391	28.18201	-97.73277	Tynan	556	527
78393	28.19994	-97.36805	Woodsboro	555	547
78401	27.79816	-97.40097	Corpus Christi	580	545
78402	27.82253	-97.3967	Corpus Christi	579	545
78404	27.76805	-97.39901	Corpus Christi	582	545
78405	27.77425	-97.43876	Corpus Christi	582	543
78406	27.77125	-97.51879	Corpus Christi	582	539
78407	27.81081	-97.43899	Corpus Christi	580	543
78408	27.795	-97.44693	Corpus Christi	581	542
78409	27.80942	-97.52284	Corpus Christi	580	538
78410	27.83848	-97.59655	Corpus Christi	578	534
78411	27.72946	-97.38567	Corpus Christi	585	546
78412	27.70386	-97.34302	Corpus Christi	587	548
78413	27.68352	-97.40538	Corpus Christi	588	545
78414	27.6603	-97.36893	Corpus Christi	589	547
78415	27.6566	-97.48182	Corpus Christi	590	541
78416	27.75202	-97.43651	Corpus Christi	583	543
78417	27.73965	-97.46681	Corpus Christi	584	541
78418	27.6155	-97.26563	Corpus Christi	592	552
78419	27.69491	-97.26889	Corpus Christi	587	552
78501	26.21583	-98.23917	Mcallen	682	499
78503	26.16531	-98.24764	Mcallen	685	499
78504	26.27199	-98.23657	Mcallen	679	500
78516	26.14583	-98.11938	Alamo	687	506
78520	25.96396	-97.5501	Brownsville	698	537
78521	25.95038	-97.32168	Brownsville	699	549
78526	25.99101	-97.43946	Brownsville	696	543
78535	26.25421	-97.74282	Combes	680	526
78536	26.64926	-98.4511	Delmita	654	488
78537	26.16192	-98.05669	Donna	686	509
78538	26.37275	-97.97821	Edcouch	672	514
78539	26.27915	-98.18321	Edinburg	678	502
78541	26.44809	-98.2842	Edinburg	667	497
78542	26.452	-98.08433	Edinburg	667	508
78543	26.29737	-97.99997	Elsa	677	512
78545	26.59041	-99.11813	Falcon Heights	658	452
78548	26.2708	-98.65456	Grulla	679	477
78549	26.46089	-98.03372	Hargill	666	511
78550	26.25668	-97.66671	Harlingen	679	530
78552	26.19515	-97.75025	Harlingen	683	526
78557	26.10688	-98.24342	Hidalgo	689	499
78558	26.29962	-98.03525	La Blanca	677	510
78559	26.14827	-97.83136	La Feria	686	522
78560	26.24615	-98.49434	La Joya	680	486
78561	26.47803	-97.91813	Lasara	665	517
78562	26.29361	-97.89885	La Villa	677	518
78563	26.65735	-98.25679	Linn	654	498
78564	26.67347	-99.10303	Lopeno	653	452
78565	26.24351	-98.55199	Los Ebanos	680	482
78566	26.14669	-97.40332	Los Fresnos	686	545
78567	26.05192	-97.73932	Los Indios	693	527
78569	26.37181	-97.74315	Lyford	672	526
78570	26.17478	-97.91093	Mercedes	685	517
78572	26.2281	-98.37666	Mission	681	492
78573	26.29368	-98.30077	Mission	677	496
78574	26.31893	-98.37005	Mission	676	492
78575	26.02476	-97.52767	Olmito	694	538
78576	26.30716	-98.47604	Penitas	676	487
78577	26.15047	-98.19104	Pharr	686	502
78578	26.05308	-97.31838	Port Isabel	692	549
78579	26.08664	-97.95966	Progreso	690	515
78580	26.48667	-97.73791	Raymondville	665	527
78582	26.55556	-98.73564	Rio Grande City	661	472
78583	26.26419	-97.48614	Rio Hondo	679	540
78584	26.57855	-98.98754	Roma	659	459
78585	26.52603	-99.12133	Salineno	663	451
78586	26.10508	-97.63108	San Benito	689	532
78588	26.73785	-98.39723	San Isidro	649	491
78589	26.16789	-98.15483	San Juan	685	504
78590	26.50603	-97.6523	San Perlita	663	531
78591	26.58074	-98.51372	Santa Elena	659	484
78592	26.06523	-97.84603	Santa Maria	692	521
78593	26.27385	-97.82225	Santa Rosa	678	522
78594	26.34519	-97.79489	Sebastian	674	524
78595	26.29144	-98.54548	Sullivan City	677	483
78596	26.15806	-97.98925	Weslaco	686	513
78597	26.2491	-97.19744	South Padre Island	680	556
78598	26.55778	-97.4368	Port Mansfield	660	543
78602	30.12383	-97.32841	Bastrop	431	549
78605	30.7822	-98.04563	Bertram	388	510
78606	30.0926	-98.46682	Blanco	433	487
78607	30.82439	-98.47564	Bluffton	386	486
78608	30.93527	-97.93381	Briggs	379	516
78609	30.76314	-98.44875	Buchanan Dam	390	488
78610	30.07722	-97.83741	Buda	434	521
78611	30.79177	-98.26018	Burnet	388	498
78612	30.0942	-97.48686	Cedar Creek	433	540
78613	30.50395	-97.82462	Cedar Park	406	522
78614	29.41742	-97.59347	Cost	476	534
78615	30.46862	-97.38362	Coupland	409	546
78616	29.94016	-97.56199	Dale	443	536
78617	30.14719	-97.59614	Del Valle	429	534
78618	30.47773	-99.16514	Doss	408	449
78619	30.11222	-98.03327	Driftwood	432	511
78620	30.21895	-98.12894	Dripping Springs	425	505
78621	30.3385	-97.36145	Elgin	417	547
78622	29.75402	-97.77606	Fentress	455	525
78623	29.97297	-98.23303	Fischer	441	500
78624	30.28151	-98.87712	Fredericksburg	421	465
78626	30.66539	-97.59735	Georgetown	396	534
78628	30.64104	-97.75111	Georgetown	397	526
78629	29.47723	-97.4517	Gonzales	472	542
78631	30.33775	-99.3053	Harper	417	441
78632	29.69632	-97.47048	Harwood	458	541
78633	30.74198	-97.75432	Georgetown	391	526
78634	30.55906	-97.54471	Hutto	403	537
78635	30.21089	-98.55961	Hye	425	482
78636	30.30503	-98.41888	Johnson City	419	490
78638	29.65691	-97.79496	Kingsbury	461	523
78639	30.66283	-98.44051	Kingsland	396	488
78640	29.99495	-97.82813	Kyle	439	522
78641	30.56175	-97.91516	Leander	403	517
78642	30.69726	-97.94692	Liberty Hill	394	515
78643	30.69024	-98.69483	Llano	395	474
78644	29.87049	-97.67527	Lockhart	447	530
78645	30.44902	-97.96999	Leander	410	514
78648	29.69106	-97.6345	Luling	459	532
78650	30.29937	-97.2184	McDade	419	555
78652	30.13281	-97.87467	Manchaca	430	519
78653	30.33941	-97.52363	Manor	417	538
78654	30.57233	-98.20735	Marble Falls	402	501
78655	29.81446	-97.84018	Martindale	451	521
78656	29.90047	-97.80868	Maxwell	445	523
78657	30.53098	-98.37775	Horseshoe Bay	405	492
78659	30.20888	-97.12359	Paige	425	560
78660	30.44304	-97.59548	Pflugerville	410	534
78661	29.72559	-97.75364	Prairie Lea	457	526
78662	29.93523	-97.43421	Red Rock	443	543
78663	30.42067	-98.33532	Round Mountain	412	494
78664	30.50479	-97.64577	Round Rock	406	532
78665	30.54488	-97.64378	Round Rock	404	532
78666	29.87958	-97.96642	San Marcos	447	514
78669	30.42264	-98.12244	Spicewood	412	506
78670	29.77133	-97.82003	Staples	454	522
78671	30.21635	-98.62376	Stonewall	425	478
78672	30.85966	-98.4711	Tow	384	487
78675	30.44589	-98.68497	Willow City	410	475
78676	30.03286	-98.14588	Wimberley	437	504
78677	29.34997	-97.58021	Wrightsboro	481	535
78681	30.53328	-97.7247	Round Rock	404	527
78701	30.27049	-97.74235	Austin	421	526
78702	30.26327	-97.71432	Austin	422	528
78703	30.29409	-97.76571	Austin	420	525
78704	30.24316	-97.76536	Austin	423	525
78705	30.29437	-97.73855	Austin	420	527
78712	30.28502	-97.73477	Austin	420	527
78717	30.4899	-97.75398	Austin	407	526
78719	30.14483	-97.67083	Austin	429	530
78721	30.27005	-97.68365	Austin	421	530
78722	30.28997	-97.71465	Austin	420	528
78723	30.30427	-97.6857	Austin	419	529
78724	30.2944	-97.61415	Austin	420	533
78725	30.23581	-97.60837	Austin	424	534
78726	30.42949	-97.84206	Austin	411	521
78727	30.4295	-97.71743	Austin	411	528
78728	30.45654	-97.68986	Austin	409	529
78729	30.45842	-97.75595	Austin	409	526
78730	30.36489	-97.83731	Austin	415	521
78731	30.34736	-97.76847	Austin	416	525
78732	30.37913	-97.89309	Austin	414	518
78733	30.32323	-97.87609	Austin	418	519
78734	30.37853	-97.94961	Austin	414	515
78735	30.26591	-97.86659	Austin	422	520
78736	30.26109	-97.95944	Austin	422	515
78737	30.1878	-97.95965	Austin	427	515
78738	30.31942	-97.95838	Austin	418	515
78739	30.17844	-97.88868	Austin	427	518
78741	30.23049	-97.71401	Austin	424	528
78742	30.24413	-97.6583	Austin	423	531
78744	30.18276	-97.7292	Austin	427	527
78745	30.20686	-97.79738	Austin	425	523
78746	30.29729	-97.81054	Austin	420	523
78747	30.12652	-97.74017	Austin	431	526
78748	30.16538	-97.82343	Austin	428	522
78749	30.21378	-97.85819	Austin	425	520
78750	30.41827	-97.80246	Austin	412	523
78751	30.31082	-97.72275	Austin	419	527
78752	30.33181	-97.70425	Austin	417	528
78753	30.38205	-97.67361	Austin	414	530
78754	30.35574	-97.64483	Austin	416	532
78756	30.32227	-97.74017	Austin	418	526
78757	30.35158	-97.73252	Austin	416	527
78758	30.388	-97.70682	Austin	414	528
78759	30.40266	-97.76104	Austin	413	525
78801	29.35664	-99.87148	Uvalde	481	411
78802	29.15506	-99.88181	Uvalde	494	410
78827	28.42466	-99.73537	Asherton	541	418
78828	29.86442	-100.01737	Barksdale	448	403
78829	28.88992	-99.5591	Batesville	511	428
78830	28.52537	-99.50854	Big Wells	534	430
78832	29.39072	-100.41624	Brackettville	479	381
78833	29.69362	-100.05887	Camp Wood	459	400
78834	28.4643	-99.92141	Carrizo Springs	538	408
78836	28.29633	-99.70453	Catarina	549	420
78837	29.83396	-101.21496	Comstock	450	337
78838	29.5291	-99.74382	Concan	470	417
78839	28.71396	-99.8165	Crystal City	522	414
78840	29.74209	-100.88273	Del Rio	456	355
78843	29.35687	-100.77863	Laughlin Afb	481	361
78850	29.28023	-99.32761	D Hanis	486	440
78851	30.00451	-101.93072	Dryden	440	298
78852	28.75206	-100.31076	Eagle Pass	520	387
78860	28.48238	-100.29501	El Indio	537	388
78861	29.42672	-99.15448	Hondo	476	450
78870	29.29912	-99.62906	Knippa	484	424
78871	29.99927	-101.64943	Langtry	440	314
78872	28.92588	-99.88007	La Pryor	509	410
78873	29.76655	-99.73616	Leakey	454	418
78877	28.94734	-100.59231	Quemado	507	371
78879	29.64778	-99.67588	Rio Frio	462	421
78880	29.97978	-100.28849	Rocksprings	441	388
78881	29.38695	-99.52964	Sabinal	479	429
78883	29.68094	-99.31614	Tarpley	460	441
78884	29.61298	-99.49587	Utopia	464	431
78885	29.82233	-99.54779	Vanderpool	451	428
78886	29.13466	-99.16073	Yancey	495	449
78931	30.02924	-96.44481	Bleiblerville	437	597
78932	30.16569	-96.70634	Carmine	428	583
78933	29.7954	-96.35761	Cat Spring	452	602
78934	29.69373	-96.56014	Columbus	458	591
78935	29.69036	-96.43035	Alleyton	458	598
78938	29.80211	-96.69061	Ellinger	451	584
78940	29.93147	-96.66018	Fayetteville	443	585
78941	29.74274	-97.15231	Flatonia	455	558
78942	30.16901	-96.92221	Giddings	428	571
78943	29.71058	-96.61182	Glidden	457	588
78944	30.00044	-96.498	Industry	438	594
78945	29.91566	-96.88949	La Grange	444	573
78946	30.19124	-96.7709	Ledbetter	426	579
78947	30.42088	-97.03765	Lexington	412	565
78948	30.303	-96.962	Lincoln	419	569
78949	29.84134	-97.08594	Muldoon	449	562
78950	29.90255	-96.48194	New Ulm	445	595
78951	29.58727	-96.82436	Oakland	465	576
78953	29.8522	-97.3483	Rosanky	448	548
78954	30.04587	-96.69959	Round Top	436	583
78956	29.68793	-96.93416	Schulenburg	459	570
78957	30.01287	-97.17578	Smithville	438	557
78959	29.69777	-97.30285	Waelder	458	550
78962	29.65419	-96.73556	Weimar	461	581
78963	29.92619	-97.02796	West Point	443	565
79001	35.32995	-102.78511	Adrian	95	251
79003	35.58007	-100.09466	Allison	78	398
79005	36.38545	-100.50397	Booker	26	375
79007	35.69978	-101.39791	Borger	71	327
79009	34.53322	-102.88568	Bovina	147	246
79010	35.44484	-102.12361	Boys Ranch	88	287
79011	35.63469	-100.22942	Briscoe	75	390
79012	35.26652	-102.10915	Bushland	99	288
79013	36.03841	-102.00344	Cactus	49	293
79014	35.91222	-100.29813	Canadian	57	387
79015	34.94032	-101.91647	Canyon	120	298
79016	34.98342	-101.91867	Canyon	118	298
79018	35.69549	-102.38629	Channing	71	273
79019	35.00736	-101.39696	Claude	116	327
79021	33.98484	-102.02773	Cotton Center	182	292
79022	36.10661	-102.61107	Dalhart	45	260
79024	36.43867	-100.34722	Darrouzett	23	384
79025	34.94098	-102.2059	Dawn	120	283
79027	34.48691	-102.33088	Dimmitt	150	276
79029	35.89512	-102.02431	Dumas	58	292
79031	34.26917	-102.45283	Earth	164	269
79032	34.28289	-101.94141	Edmonson	163	297
79033	36.33008	-100.98394	Farnsworth	30	349
79034	36.37348	-100.16502	Follett	27	394
79035	34.68446	-102.78723	Friona	137	251
79036	35.61317	-101.54855	Fritch	77	318
79039	35.26038	-101.09519	Groom	99	343
79040	36.29869	-101.5571	Gruver	32	318
79041	34.0477	-101.9313	Hale Center	178	298
79042	34.74685	-101.90313	Happy	133	299
79043	34.37049	-102.13485	Hart	157	287
79044	35.87299	-102.36703	Hartley	60	274
79045	34.91238	-102.55902	Hereford	122	263
79046	36.16345	-100.1216	Higgins	40	396
79051	36.47743	-102.26	Kerrick	21	279
79052	34.36101	-101.74252	Kress	158	308
79053	34.40739	-102.58601	Lazbuddie	155	262
79054	35.42585	-100.7875	Lefors	89	360
79056	36.21717	-100.22121	Lipscomb	37	391
79057	35.24303	-100.6426	Mclean	100	368
79058	35.6164	-101.9076	Masterson	76	299
79059	35.83018	-100.76789	Miami	62	361
79061	35.52039	-100.44182	Mobeetie	82	379
79062	36.03137	-101.52535	Morse	49	320
79063	34.52584	-102.10042	Nazareth	147	288
79064	34.19816	-102.12113	Olton	169	287
79065	35.54207	-100.8998	Pampa	81	354
79068	35.34375	-101.43649	Panhandle	94	325
79070	36.27683	-100.79875	Perryton	33	359
79072	34.17158	-101.73863	Plainview	170	308
79078	35.70051	-101.55828	Sanford	71	318
79079	35.20904	-100.24313	Shamrock	102	390
79080	35.7348	-101.21075	Skellytown	69	337
79081	36.2301	-101.21809	Spearman	36	336
79082	34.22431	-102.28774	Springlake	167	278
79083	35.88431	-101.52804	Stinnett	59	319
79084	36.2801	-102.00052	Stratford	33	294
79085	34.74073	-102.51441	Summerfield	134	266
79086	36.03844	-101.7741	Sunray	49	306
79087	36.30895	-102.93592	Texline	32	242
79088	34.57853	-101.69537	Tulia	144	310
79091	34.90633	-102.11251	Umbarger	123	288
79092	35.2815	-102.46868	Vega	98	268
79093	36.28992	-101.03396	Waka	32	346
79094	34.85075	-101.52674	Wayside	126	320
79095	34.89616	-100.2061	Wellington	123	392
79096	35.4381	-100.19611	Wheeler	88	392
79097	35.43582	-101.17852	White Deer	88	339
79098	35.15532	-102.22841	Wildorado	107	281
79101	35.20599	-101.8395	Amarillo	103	303
79102	35.19953	-101.84676	Amarillo	104	302
79103	35.17735	-101.79438	Amarillo	105	305
79104	35.20276	-101.78859	Amarillo	103	305
79105	35.6883	-101.81163	Amarillo	72	304
79106	35.20317	-101.89517	Amarillo	103	299
79107	35.22939	-101.80227	Amarillo	102	305
79108	35.35066	-101.80584	Amarillo	94	304
79109	35.16631	-101.88646	Amarillo	106	300
79110	35.14901	-101.87111	Amarillo	107	301
79111	35.21967	-101.6893	Amarillo	102	311
79118	35.09861	-101.73879	Amarillo	110	308
79119	35.11029	-102.01663	Amarillo	109	293
79121	35.17471	-101.92969	Amarillo	105	298
79124	35.26275	-101.9691	Amarillo	99	295
79201	34.43715	-100.28085	Childress	153	388
79220	33.75776	-100.78642	Afton	197	360
79225	34.2563	-99.51496	Chillicothe	164	430
79226	34.90323	-100.99525	Clarendon	123	349
79227	33.89957	-99.77068	Crowell	187	416
79229	33.66676	-100.67825	Dickens	203	366
79230	34.72708	-100.05157	Dodson	134	400
79231	33.90634	-101.07003	Dougherty	187	345
79233	34.52345	-100.52865	Estelline	147	374
79234	34.22681	-100.92952	Flomot	166	352
79235	33.96355	-101.25214	Floydada	184	335
79236	33.64183	-100.22815	Guthrie	204	391
79237	34.91339	-100.63784	Hedley	122	368
79239	34.65106	-100.75781	Lakeview	139	362
79240	34.88123	-100.77111	Lelia Lake	124	361
79241	34.1848	-101.38676	Lockney	169	327
79243	33.7595	-100.99107	Mcadoo	197	349
79244	34.03174	-100.84615	Matador	179	357
79245	34.84545	-100.50845	Memphis	126	375
79247	34.32983	-99.40904	Odell	159	435
79248	34.00045	-100.29274	Paducah	181	387
79250	33.87872	-101.59391	Petersburg	189	316
79251	34.92884	-100.4389	Quail	121	379
79252	34.30503	-99.81699	Quanah	161	413
79255	34.34612	-101.05839	Quitaque	159	345
79256	33.89496	-100.7464	Roaring Springs	188	362
79257	34.46105	-101.28703	Silverton	151	333
79258	34.22723	-101.28847	South Plains	166	333
79259	34.40293	-100.46298	Tell	155	378
79261	34.45015	-100.81109	Turkey	152	359
79311	33.86075	-101.883	Abernathy	190	300
79312	34.05163	-102.36315	Amherst	178	274
79313	33.8049	-102.16223	Anton	194	285
79314	33.58498	-103.01455	Bledsoe	209	239
79316	33.14437	-102.31614	Brownfield	237	277
79322	33.65766	-101.18732	Crosbyton	203	338
79323	32.94698	-102.87231	Denver City	250	247
79324	33.89794	-102.68244	Enochs	188	257
79325	34.41493	-102.93999	Farwell	155	243
79326	34.07796	-102.21612	Fieldton	176	282
79329	33.7248	-101.68202	Idalou	199	311
79330	33.03669	-101.20991	Justiceburg	244	337
79331	32.69327	-102.01054	Lamesa	266	294
79336	33.60537	-102.40277	Levelland	207	272
79339	33.88987	-102.33543	Littlefield	189	276
79342	32.9082	-102.33661	Loop	252	276
79343	33.65565	-101.53011	Lorenzo	204	320
79344	33.84496	-102.93043	Maple	192	243
79345	33.3342	-102.32962	Meadow	225	276
79346	33.64815	-102.82498	Morton	204	249
79347	34.17747	-102.78205	Muleshoe	170	251
79350	33.73175	-101.83121	New Deal	199	303
79351	32.92343	-101.76915	Odonnell	251	307
79353	33.78403	-102.58383	Pep	196	262
79355	33.18172	-102.87664	Plains	235	246
79356	33.25907	-101.33041	Post	229	331
79357	33.61648	-101.40248	Ralls	206	327
79358	33.43884	-102.19135	Ropesville	218	284
79359	32.96704	-102.58926	Seagraves	248	262
79360	32.68905	-102.74145	Seminole	266	254
79363	33.70901	-102.04105	Shallowater	200	292
79364	33.45204	-101.64304	Slaton	217	314
79366	33.53015	-101.68366	Ransom Canyon	212	311
79367	33.62146	-102.19081	Smyer	206	284
79369	33.95575	-102.14515	Spade	184	286
79370	33.50304	-100.90344	Spur	213	354
79371	33.97457	-102.75404	Sudan	183	253
79372	33.43423	-102.4884	Sundown	218	267
79373	33.1708	-101.8355	Tahoka	235	303
79376	33.2339	-102.67314	Tokio	231	257
79377	32.9321	-102.13166	Welch	251	287
79378	33.05323	-102.48596	Wellman	243	268
79379	33.51066	-102.64637	Whiteface	213	259
79380	33.74713	-102.35928	Whitharral	198	274
79381	33.32286	-101.7652	Wilson	225	307
79382	33.45859	-102.02106	Wolfforth	216	293
79401	33.58785	-101.85142	Lubbock	208	302
79403	33.6446	-101.76828	Lubbock	204	307
79404	33.52535	-101.7963	Lubbock	212	305
79406	33.58349	-101.88125	Lubbock	208	301
79407	33.56317	-102.07929	Lubbock	210	290
79410	33.56969	-101.89127	Lubbock	209	300
79411	33.57002	-101.85779	Lubbock	209	302
79412	33.54539	-101.85744	Lubbock	211	302
79413	33.54623	-101.88729	Lubbock	211	300
79414	33.54875	-101.91944	Lubbock	211	298
79415	33.69755	-101.90483	Lubbock	201	299
79416	33.60429	-101.97648	Lubbock	207	295
79423	33.44038	-101.85079	Lubbock	218	302
79424	33.46993	-101.94095	Lubbock	216	297
79501	32.74483	-99.90507	Anson	262	408
79502	33.17852	-100.24898	Aspermont	234	390
79503	32.87114	-99.69599	Avoca	254	420
79504	32.32058	-99.35233	Baird	289	439
79505	33.57582	-99.81601	Benjamin	208	413
79506	32.11798	-100.32345	Blackwell	303	386
79508	32.27409	-99.82606	Buffalo Gap	293	413
79510	32.27507	-99.52899	Clyde	292	429
79511	32.41453	-101.25956	Coahoma	284	335
79512	32.31554	-100.91776	Colorado City	290	353
79517	32.87671	-101.24268	Fluvanna	254	335
79518	33.33064	-100.72207	Girard	224	364
79519	32.04877	-99.69704	Goldsboro	307	420
79520	32.86489	-100.13233	Hamlin	254	396
79521	33.12235	-99.65414	Haskell	238	422
79525	32.63114	-99.83178	Hawley	269	412
79526	32.63739	-100.72015	Hermleigh	269	364
79527	32.64376	-101.15094	Ira	269	340
79528	33.26207	-100.79076	Jayton	229	360
79529	33.43853	-99.84731	Knox City	217	411
79530	32.11907	-99.75931	Lawn	303	416
79532	32.40496	-100.71227	Loraine	284	364
79533	32.85549	-99.55488	Lueders	255	427
79534	32.75673	-100.21828	McCaulley	261	391
79535	32.2257	-100.47631	Maryneal	296	377
79536	32.47378	-100.03345	Merkel	280	401
79537	32.29187	-100.21074	Nolan	291	392
79538	31.97814	-99.68094	Novice	312	421
79539	33.36843	-99.88223	O'Brien	222	410
79540	33.16876	-100.03773	Old Glory	235	401
79541	32.15305	-99.81497	Ovalo	300	413
79543	32.7218	-100.40076	Roby	264	381
79544	33.30151	-99.85288	Rochester	226	411
79545	32.41144	-100.58009	Roscoe	284	372
79546	32.89242	-100.49804	Rotan	253	376
79547	33.19923	-99.91193	Rule	233	408
79548	33.05573	-99.92295	Rule	242	407
79549	32.91367	-100.84506	Snyder	251	357
79553	32.93882	-99.84265	Stamford	250	412
79556	32.45431	-100.36401	Sweetwater	281	383
79560	32.67887	-100.20891	Sylvester	266	392
79561	32.52133	-100.2004	Trent	277	392
79562	32.24437	-99.86596	Tuscola	294	411
79563	32.42317	-99.90769	Tye	283	408
79565	32.39463	-101.09316	Westbrook	285	344
79566	32.11347	-100.12203	Wingate	303	397
79567	31.97769	-99.95308	Winters	312	406
79601	32.57964	-99.66351	Abilene	273	422
79602	32.33948	-99.66982	Abilene	288	421
79603	32.40157	-99.88468	Abilene	284	410
79605	32.43398	-99.78205	Abilene	282	415
79606	32.36093	-99.82698	Abilene	287	413
79607	32.42853	-99.82546	Dyess Afb	283	413
79699	32.46227	-99.71586	Abilene	280	419
79701	31.99237	-102.08147	Midland	311	290
79703	31.97945	-102.13231	Midland	312	287
79705	32.05114	-102.05954	Midland	308	291
79706	31.84553	-102.00236	Midland	321	294
79707	32.03347	-102.21158	Midland	309	283
79713	32.49638	-101.7556	Ackerly	279	308
79714	32.32943	-102.69918	Andrews	290	256
79718	31.00535	-103.76186	Balmorhea	375	199
79719	31.46011	-103.40559	Barstow	346	218
79720	32.25363	-101.47291	Big Spring	294	323
79730	31.16955	-103.0851	Coyanosa	365	235
79731	31.41808	-102.48336	Crane	349	268
79733	32.10287	-101.36544	Forsan	304	329
79734	30.68395	-103.95565	Fort Davis	396	188
79735	30.74291	-102.78314	Fort Stockton	392	252
79738	32.75712	-101.47555	Gail	262	323
79739	31.76367	-101.51601	Garden City	326	321
79741	31.97	-102.62753	Goldsmith	313	260
79742	31.34203	-102.86846	Grandfalls	354	247
79743	31.17762	-102.59435	Imperial	364	262
79744	30.92196	-101.97036	Iraan	380	296
79745	31.82638	-103.05179	Kermit	322	237
79748	32.41116	-101.65046	Knott	284	313
79749	32.28903	-101.87178	Lenorah	292	301
79752	31.21544	-102.15319	McCamey	362	286
79754	31.80166	-103.59994	Mentone	324	207
79755	31.50464	-101.93778	Midkiff	343	298
79756	31.5458	-102.85809	Monahans	340	248
79758	32.00814	-102.33409	Gardendale	310	276
79759	31.79647	-102.70154	Notrees	324	256
79761	31.85574	-102.34958	Odessa	320	275
79762	31.92647	-102.35444	Odessa	316	275
79763	31.79918	-102.46788	Odessa	324	269
79764	31.89053	-102.47105	Odessa	318	269
79765	31.92346	-102.29242	Odessa	316	278
79766	31.7033	-102.41204	Odessa	330	272
79770	31.86396	-103.92971	Orla	320	189
79772	31.42541	-103.62296	Pecos	348	206
79777	31.49787	-103.12979	Pyote	344	233
79778	31.17611	-101.92385	Rankin	364	299
79780	31.06197	-103.59216	Saragosa	372	208
79781	30.59596	-101.77778	Sheffield	401	307
79782	32.15842	-101.84321	Stanton	301	303
79783	32.3217	-102.04229	Tarzan	290	292
79785	31.32749	-103.9069	Toyah	355	191
79788	31.5729	-102.98358	Wickett	339	241
79789	31.76026	-103.18576	Wink	327	230
79821	31.97696	-106.59781	Anthony	314	44
79830	29.80008	-103.22468	Alpine	453	228
79831	30.4295	-103.32553	Alpine	413	222
79834	29.29122	-103.26531	Big Bend National Park	486	226
79835	31.9352	-106.58693	Canutillo	316	45
79836	31.57127	-106.2019	Clint	340	66
79837	32.19026	-105.26698	Dell City	299	116
79838	31.49182	-106.17357	Fabens	345	67
79839	31.21317	-105.60772	Fort Hancock	363	98
79842	30.09108	-103.11657	Marathon	434	234
79843	30.12696	-104.22342	Marfa	432	174
79845	29.88855	-104.51961	Presidio	448	158
79846	29.45217	-103.99027	Redford	476	187
79847	31.80678	-104.97247	Salt Flat	324	133
79848	30.24901	-102.30544	Sanderson	424	278
79849	31.56126	-106.25047	San Elizario	340	63
79851	31.28841	-105.31975	Sierra Blanca	358	114
79852	29.40324	-103.62417	Terlingua	479	206
79853	31.42987	-106.06371	Tornillo	349	73
79854	30.57932	-104.65911	Valentine	403	150
79855	31.09237	-104.63688	Van Horn	370	151
79901	31.76003	-106.4798	El Paso	327	51
79902	31.78414	-106.49791	El Paso	326	50
79903	31.78623	-106.44188	El Paso	326	53
79904	31.85287	-106.44647	El Paso	321	52
79905	31.7666	-106.42488	El Paso	327	53
79906	31.80924	-106.41651	El Paso	324	54
79907	31.7075	-106.32683	El Paso	331	59
79908	31.85719	-106.38038	El Paso	321	56
79911	31.89246	-106.54251	El Paso	319	47
79912	31.84821	-106.53264	El Paso	322	48
79915	31.74586	-106.37237	El Paso	328	56
79916	31.81397	-106.41816	Fort Bliss	324	54
79920	31.82482	-106.4517	El Paso	323	52
79922	31.81507	-106.56101	El Paso	324	46
79924	31.90245	-106.41325	El Paso	318	54
79925	31.79772	-106.36331	El Paso	325	57
79927	31.64458	-106.27373	El Paso	335	62
79928	31.62862	-106.15597	El Paso	336	68
79930	31.82028	-106.46994	El Paso	324	51
79932	31.87816	-106.60643	El Paso	320	44
79934	31.95191	-106.434	El Paso	315	53
79935	31.76795	-106.33019	El Paso	327	59
79936	31.77618	-106.29786	El Paso	326	60
79938	31.83091	-105.97012	El Paso	323	78
79942	30.57792	-101.34274	El Paso	402	330
